symbol,company,sector,industry,date,close,change_pct,volume,value_traded,final_score,final_decision,buy_probability,sell_probability,confidence_v3,smart_money_score,accumulation_score,institutional_signal,trade_validation_score,trade_validation_status,trade_action,entry_timing_score,entry_timing_action,suggested_entry_price,risk_management_score,risk_permission,risk_status,risk_action,risk_reward_t1,entry_low,entry_high,stop_loss,target_1,target_2,portfolio_selected,portfolio_rank,portfolio_investment,portfolio_quantity,portfolio_position_status,lifecycle_status,trade_id,actual_entry_price,actual_quantity,open_quantity,remaining_quantity,average_cost,current_stop_loss,highest_price_since_entry,lowest_price_since_entry,realized_profit_loss,unrealized_profit_loss,unrealized_profit_loss_pct,holding_days_numeric,partial_profit_booked,exit_action,exit_reason,exit_risk_level,exit_suggested_action,exit_current_price,exit_entry_price,exit_profit_loss_pct,exit_original_stop_loss,exit_suggested_stop_loss,exit_trailing_stop,exit_profit_lock_pct,exit_target_status,exit_confidence,exit_engine_version,decision_reason
CNERGY,CNERGYICO PK,REFINERY,OIL REFINERY,13JUL2026,10.05,3.715170278637783,158523340,1593159567.0,31.72,AVOID,48.8,51.2,44.33,93,97,STRONG INSTITUTIONAL BUYING,80,BUY ON PULLBACK,WAIT / BUY DIP,64,NO ENTRY,9.9,6,NO TRADE,CHASE RISK REJECTED,AVOID,1.17,9.9,10.15,9.55,10.85,11.46,False,0,0.0,0,,NO POSITION,,0.0,0,0,0,0.0,0.0,0.0,0.0,0.0,0.0,0.0,0,False,NO ACTION,No actual open position,NORMAL,NO ACTION,0.0,0.0,0.0,0.0,0.0,0.0,0.0,NOT APPLICABLE,0.0,exit_intelligence_engine_v1_1_position_state_aware,Strong smart money | Strong accumulation | Strong trend | Sector supportive | Warnings: Entry timing rejected | AI final decision restrictive | Institutional decision restrictive | Entry engine restrictive | Risk engine says no trade | Chase risk | Weak risk/reward | Weak market | RSI overheated
AHL,ARIF HABIB LTD.,INVESTMENT,UNKNOWN,13JUL2026,120.86,0.6244276080259762,227829,27535412.94,26.7,AVOID,42.82,57.18,38.63,95,97,STRONG INSTITUTIONAL BUYING,59,WEAK SETUP,WAIT,54,NO ENTRY,0.0,0,NO TRADE,REJECTED,AVOID,1.17,119.05,122.07,114.82,130.53,137.78,False,0,0.0,0,,NO POSITION,,0.0,0,0,0,0.0,0.0,0.0,0.0,0.0,0.0,0.0,0,False,NO ACTION,No actual open position,NORMAL,NO ACTION,0.0,0.0,0.0,0.0,0.0,0.0,0.0,NOT APPLICABLE,0.0,exit_intelligence_engine_v1_1_position_state_aware,Strong smart money | Strong accumulation | Strong trend | Warnings: Entry timing rejected | Risk engine rejected | AI final decision restrictive | Institutional decision restrictive | Weak trade validation | Entry engine restrictive | Risk engine says no trade | Weak risk/reward | Weak market | Weak sector
JSCL,JAH.SIDD. CO.,INVESTMENT,UNKNOWN,13JUL2026,28.51,1.4951940192239292,2986707,85151016.57000001,23.11,AVOID,40.62,59.38,35.72,89,97,STRONG INSTITUTIONAL BUYING,55,WEAK SETUP,WAIT,40,NO ENTRY,0.0,0,NO TRADE,REJECTED,AVOID,1.16,28.08,28.8,27.08,30.79,32.5,False,0,0.0,0,,NO POSITION,,0.0,0,0,0,0.0,0.0,0.0,0.0,0.0,0.0,0.0,0,False,NO ACTION,No actual open position,NORMAL,NO ACTION,0.0,0.0,0.0,0.0,0.0,0.0,0.0,NOT APPLICABLE,0.0,exit_intelligence_engine_v1_1_position_state_aware,Strong smart money | Strong accumulation | Strong trend | Warnings: Entry timing rejected | Risk engine rejected | AI final decision restrictive | Institutional decision restrictive | Weak trade validation | Entry engine restrictive | Risk engine says no trade | Weak risk/reward | Weak market | Weak sector
FEM,EQUITY MODARABA,MODARABA,MODARABA,13JUL2026,12.86,5.843621399176947,886463,11399914.18,22.61,AVOID,40.49,59.51,35.44,83,85,STRONG INSTITUTIONAL BUYING,54,WEAK SETUP,WAIT,45,NO ENTRY,0.0,0,NO TRADE,REJECTED,AVOID,1.17,12.67,12.99,12.22,13.89,14.66,False,0,0.0,0,,NO POSITION,,0.0,0,0,0,0.0,0.0,0.0,0.0,0.0,0.0,0.0,0,False,NO ACTION,No actual open position,NORMAL,NO ACTION,0.0,0.0,0.0,0.0,0.0,0.0,0.0,NOT APPLICABLE,0.0,exit_intelligence_engine_v1_1_position_state_aware,Strong accumulation | Strong trend | Warnings: Entry timing rejected | Risk engine rejected | AI final decision restrictive | Institutional decision restrictive | Weak trade validation | Entry engine restrictive | Risk engine says no trade | Weak risk/reward | Weak market
WASL,WASL MOBILITY MOD,MODARABA,MOBILITY MODARABA,13JUL2026,5.93,5.5160142348754375,3186032,18893169.759999998,21.86,AVOID,39.83,60.17,34.95,77,85,STRONG INSTITUTIONAL BUYING,56,WEAK SETUP,WAIT,46,NO ENTRY,0.0,0,NO TRADE,REJECTED,AVOID,1.14,5.84,5.99,5.63,6.4,6.76,False,0,0.0,0,,NO POSITION,,0.0,0,0,0,0.0,0.0,0.0,0.0,0.0,0.0,0.0,0,False,NO ACTION,No actual open position,NORMAL,NO ACTION,0.0,0.0,0.0,0.0,0.0,0.0,0.0,NOT APPLICABLE,0.0,exit_intelligence_engine_v1_1_position_state_aware,Strong accumulation | Strong trend | Warnings: Entry timing rejected | Risk engine rejected | AI final decision restrictive | Institutional decision restrictive | Weak trade validation | Entry engine restrictive | Risk engine says no trade | Weak risk/reward | Weak market
NRL,NATIONAL REFINERY,REFINERY,OIL REFINERY,13JUL2026,405.79,2.0521590423257865,4620739,1875049678.8100002,20.18,AVOID,39.36,60.64,34.31,75,73,STRONG INSTITUTIONAL BUYING,55,WEAK SETUP,WAIT,42,NO ENTRY,0.0,0,NO TRADE,REJECTED,AVOID,1.17,399.7,409.85,385.5,438.25,462.6,False,0,0.0,0,,OPEN,NRL-20260712-001,401.61,15,15,15,401.61,377.75,415.44,385.51,0.0,62.7,1.04,1,False,EXIT TODAY,Risk engine no longer permits trade,HIGH,EXIT TODAY,405.79,401.61,1.04,385.5,388.77,388.77,1.04,TARGETS PENDING,63.06,exit_intelligence_engine_v1_1_position_state_aware,Strong trend | Sector supportive | Warnings: Entry timing rejected | Risk engine rejected | AI final decision restrictive | Institutional decision restrictive | Weak trade validation | Entry engine restrictive | Risk engine says no trade | Weak risk/reward | Weak market
LOTCHEM,LOTTE CHEMICAL,CHEMICAL,UNKNOWN,13JUL2026,31.63,0.5403687221868981,42778136,1353072441.68,20.18,AVOID,39.66,60.34,33.93,80,79,STRONG INSTITUTIONAL BUYING,53,WEAK SETUP,WAIT,35,NO ENTRY,0.0,0,NO TRADE,REJECTED,AVOID,1.16,31.16,31.95,30.05,34.16,36.06,False,0,0.0,0,,OPEN,LOTCHEM-20260713-001,31.87,440,440,440,31.87,29.89,32.91,30.7,0.0,-105.6,-0.75,0,False,EXIT TODAY,Risk engine no longer permits trade,HIGH,EXIT TODAY,31.63,31.87,-0.75,30.05,30.05,30.05,0.0,TARGETS PENDING,62.99,exit_intelligence_engine_v1_1_position_state_aware,Strong trend | Warnings: Entry timing rejected | Risk engine rejected | AI final decision restrictive | Institutional decision restrictive | Weak trade validation | Entry engine restrictive | Risk engine says no trade | Weak risk/reward | Weak market
EPCL,ENGRO POLYMER,CHEMICAL,UNKNOWN,13JUL2026,36.06,1.8356396498164524,6155505,221967510.3,19.27,AVOID,39.12,60.88,33.49,75,73,STRONG INSTITUTIONAL BUYING,51,WEAK SETUP,WAIT,39,NO ENTRY,0.0,0,NO TRADE,REJECTED,AVOID,1.17,35.52,36.42,34.26,38.94,41.11,False,0,0.0,0,,NO POSITION,,0.0,0,0,0,0.0,0.0,0.0,0.0,0.0,0.0,0.0,0,False,NO ACTION,No actual open position,NORMAL,NO ACTION,0.0,0.0,0.0,0.0,0.0,0.0,0.0,NOT APPLICABLE,0.0,exit_intelligence_engine_v1_1_position_state_aware,Strong trend | Warnings: Entry timing rejected | Risk engine rejected | AI final decision restrictive | Institutional decision restrictive | Weak trade validation | Entry engine restrictive | Risk engine says no trade | Weak risk/reward | Weak market
PRL,PAK REFINERY,REFINERY,OIL REFINERY,13JUL2026,42.73,1.5688138816258534,27110996,1158452859.08,19.04,AVOID,39.38,60.62,34.99,88,91,STRONG INSTITUTIONAL BUYING,43,REJECTED,AVOID,15,NO ENTRY,0.0,0,NO TRADE,REJECTED,AVOID,1.16,42.09,43.16,40.59,46.15,48.71,False,0,0.0,0,,NO POSITION,,0.0,0,0,0,0.0,0.0,0.0,0.0,0.0,0.0,0.0,0,False,NO ACTION,No actual open position,NORMAL,NO ACTION,0.0,0.0,0.0,0.0,0.0,0.0,0.0,NOT APPLICABLE,0.0,exit_intelligence_engine_v1_1_position_state_aware,Strong smart money | Strong accumulation | Strong trend | Sector supportive | Warnings: Trade validation rejected | Validation status rejected | Entry timing rejected | Risk engine rejected | AI final decision restrictive | Institutional decision restrictive | Weak trade validation | Entry engine restrictive | Risk engine says no trade | Weak risk/reward | Weak market | RSI overheated
BGL,BAL.GLASS,GLASS & CERAMICS,GLASS MANUFACTURING,13JUL2026,12.87,9.906063193851395,17077414,219786318.17999998,18.67,AVOID,40.51,59.49,33.64,85,95,STRONG INSTITUTIONAL BUYING,56,WEAK SETUP,WAIT,32,NO ENTRY,0.0,0,NO TRADE,REJECTED,AVOID,1.17,12.68,13.0,12.23,13.9,14.67,False,0,0.0,0,,NO POSITION,,0.0,0,0,0,0.0,0.0,0.0,0.0,0.0,0.0,0.0,0,False,NO ACTION,No actual open position,NORMAL,NO ACTION,0.0,0.0,0.0,0.0,0.0,0.0,0.0,NOT APPLICABLE,0.0,exit_intelligence_engine_v1_1_position_state_aware,Strong smart money | Strong accumulation | Strong trend | Warnings: Entry timing rejected | Risk engine rejected | AI final decision restrictive | Institutional decision restrictive | Weak trade validation | Entry engine restrictive | Risk engine says no trade | Weak risk/reward | Weak market | Near upper cap / extended
SAIF,SAIF TEXTILE,TEXTILE,TEXTILE MILLS,13JUL2026,54.38,3.8777459407831922,985521,53592631.980000004,18.47,AVOID,39.94,60.06,34.55,91,100,STRONG INSTITUTIONAL BUYING,41,REJECTED,AVOID,14,NO ENTRY,0.0,0,NO TRADE,REJECTED,AVOID,1.17,53.56,54.92,51.66,58.73,61.99,False,0,0.0,0,,NO POSITION,,0.0,0,0,0,0.0,0.0,0.0,0.0,0.0,0.0,0.0,0,False,NO ACTION,No actual open position,NORMAL,NO ACTION,0.0,0.0,0.0,0.0,0.0,0.0,0.0,NOT APPLICABLE,0.0,exit_intelligence_engine_v1_1_position_state_aware,Strong smart money | Strong accumulation | Strong trend | Warnings: Trade validation rejected | Validation status rejected | Entry timing rejected | Risk engine rejected | AI final decision restrictive | Institutional decision restrictive | Weak trade validation | Entry engine restrictive | Risk engine says no trade | Weak risk/reward | Weak market | Weak sector | High volatility
SNBL,SONERI BANK LTD,BANKS,UNKNOWN,13JUL2026,25.57,1.3877874702617028,9750536,249321205.52,15.33,AVOID,37.71,62.29,32.77,77,85,STRONG INSTITUTIONAL BUYING,43,REJECTED,AVOID,13,NO ENTRY,0.0,0,NO TRADE,REJECTED,AVOID,1.16,25.19,25.83,24.29,27.62,29.15,False,0,0.0,0,,NO POSITION,,0.0,0,0,0,0.0,0.0,0.0,0.0,0.0,0.0,0.0,0,False,NO ACTION,No actual open position,NORMAL,NO ACTION,0.0,0.0,0.0,0.0,0.0,0.0,0.0,NOT APPLICABLE,0.0,exit_intelligence_engine_v1_1_position_state_aware,Strong accumulation | Strong trend | Warnings: Trade validation rejected | Validation status rejected | Entry timing rejected | Risk engine rejected | AI final decision restrictive | Institutional decision restrictive | Weak trade validation | Entry engine restrictive | Risk engine says no trade | Weak risk/reward | Weak market | Weak sector
DYNO,DYNEA PAKISTAN,CHEMICAL,INDUSTRIAL CHEMICALS,13JUL2026,346.46,0.10401618029470003,66664,23096409.439999998,13.47,AVOID,34.85,65.15,29.82,70,68,INSTITUTIONAL BUYING,23,REJECTED,AVOID,5,NO ENTRY,0.0,0,NO TRADE,REJECTED,AVOID,1.17,341.26,349.92,329.14,374.18,394.96,False,0,0.0,0,,NO POSITION,,0.0,0,0,0,0.0,0.0,0.0,0.0,0.0,0.0,0.0,0,False,NO ACTION,No actual open position,NORMAL,NO ACTION,0.0,0.0,0.0,0.0,0.0,0.0,0.0,NOT APPLICABLE,0.0,exit_intelligence_engine_v1_1_position_state_aware,Institutional accumulation | Strong trend | Warnings: Trade validation rejected | Validation status rejected | Entry timing rejected | Risk engine rejected | AI final decision restrictive | Institutional decision restrictive | Weak trade validation | Entry engine restrictive | Risk engine says no trade | Weak risk/reward | Weak market
BLUEX,BLUE-EX LIMITED,TRANSPORT,UNKNOWN,13JUL2026,8.6,0.9389671361502356,43873998,377316382.8,12.6,AVOID,36.85,63.15,30.73,76,87,STRONG INSTITUTIONAL BUYING,36,REJECTED,AVOID,7,NO ENTRY,0.0,0,NO TRADE,REJECTED,AVOID,1.15,8.47,8.69,8.17,9.29,9.8,False,0,0.0,0,,NO POSITION,,0.0,0,0,0,0.0,0.0,0.0,0.0,0.0,0.0,0.0,0,False,NO ACTION,No actual open position,NORMAL,NO ACTION,0.0,0.0,0.0,0.0,0.0,0.0,0.0,NOT APPLICABLE,0.0,exit_intelligence_engine_v1_1_position_state_aware,Strong accumulation | Strong trend | Warnings: Trade validation rejected | Validation status rejected | Entry timing rejected | Risk engine rejected | AI final decision restrictive | Institutional decision restrictive | Weak trade validation | Entry engine restrictive | Risk engine says no trade | Weak risk/reward | Weak market | Weak sector | High volatility
PSYL,PAK SYNTHETICS,CHEMICAL,SYNTHETIC CHEMICALS,13JUL2026,149.15,9.669117647058828,52858,7883770.7,12.09,AVOID,36.55,63.45,29.74,91,100,STRONG INSTITUTIONAL BUYING,36,REJECTED,AVOID,0,NO ENTRY,0.0,0,NO TRADE,REJECTED,AVOID,1.17,146.91,150.64,141.69,161.08,170.03,False,0,0.0,0,,NO POSITION,,0.0,0,0,0,0.0,0.0,0.0,0.0,0.0,0.0,0.0,0,False,NO ACTION,No actual open position,NORMAL,NO ACTION,0.0,0.0,0.0,0.0,0.0,0.0,0.0,NOT APPLICABLE,0.0,exit_intelligence_engine_v1_1_position_state_aware,Strong smart money | Strong accumulation | Strong trend | Warnings: Trade validation rejected | Validation status rejected | Entry timing rejected | Risk engine rejected | AI final decision restrictive | Institutional decision restrictive | Weak trade validation | Entry engine restrictive | Risk engine says no trade | Weak risk/reward | Weak market | Near upper cap / extended
FPJM,PUNJAB MOD,MODARABA,MODARABA,13JUL2026,11.26,9.960937499999996,2593140,29198756.4,11.7,AVOID,36.25,63.75,28.8,96,100,STRONG INSTITUTIONAL BUYING,22,REJECTED,AVOID,0,NO ENTRY,0.0,0,NO TRADE,REJECTED,AVOID,1.18,11.09,11.37,10.7,12.16,12.84,False,0,0.0,0,,NO POSITION,,0.0,0,0,0,0.0,0.0,0.0,0.0,0.0,0.0,0.0,0,False,NO ACTION,No actual open position,NORMAL,NO ACTION,0.0,0.0,0.0,0.0,0.0,0.0,0.0,NOT APPLICABLE,0.0,exit_intelligence_engine_v1_1_position_state_aware,Strong smart money | Strong accumulation | Strong trend | Warnings: Trade validation rejected | Validation status rejected | Entry timing rejected | Risk engine rejected | AI final decision restrictive | Institutional decision restrictive | Weak trade validation | Entry engine restrictive | Risk engine says no trade | Weak risk/reward | Weak market | Near upper cap / extended
TELE,TELECARD LIMITED,TELECOM,TELECOM SERVICES,13JUL2026,9.31,1.5267175572519145,11855229,110372181.99000001,9.61,AVOID,33.98,66.02,27.87,59,62,NEUTRAL,25,REJECTED,AVOID,5,NO ENTRY,0.0,0,NO TRADE,REJECTED,AVOID,1.16,9.17,9.4,8.84,10.05,10.61,False,0,0.0,0,,NO POSITION,,0.0,0,0,0,0.0,0.0,0.0,0.0,0.0,0.0,0.0,0,False,NO ACTION,No actual open position,NORMAL,NO ACTION,0.0,0.0,0.0,0.0,0.0,0.0,0.0,NOT APPLICABLE,0.0,exit_intelligence_engine_v1_1_position_state_aware,Strong trend | Warnings: Trade validation rejected | Validation status rejected | Entry timing rejected | Risk engine rejected | AI final decision restrictive | Institutional decision restrictive | Weak trade validation | Entry engine restrictive | Risk engine says no trade | Weak risk/reward | Weak market
UCAPM,UNICAP MODARABA,MODARABA,MODARABA,13JUL2026,6.15,4.23728813559322,2531979,15571670.850000001,8.65,AVOID,33.52,66.48,26.85,70,73,STRONG INSTITUTIONAL BUYING,26,REJECTED,AVOID,0,NO ENTRY,0.0,0,NO TRADE,REJECTED,AVOID,1.16,6.06,6.21,5.84,6.64,7.01,False,0,0.0,0,,NO POSITION,,0.0,0,0,0,0.0,0.0,0.0,0.0,0.0,0.0,0.0,0,False,NO ACTION,No actual open position,NORMAL,NO ACTION,0.0,0.0,0.0,0.0,0.0,0.0,0.0,NOT APPLICABLE,0.0,exit_intelligence_engine_v1_1_position_state_aware,Strong trend | Warnings: Trade validation rejected | Validation status rejected | Entry timing rejected | Risk engine rejected | AI final decision restrictive | Institutional decision restrictive | Weak trade validation | Entry engine restrictive | Risk engine says no trade | Weak risk/reward | Weak market
SARC,SARDAR CHEMICAL,CHEMICAL,INDUSTRIAL CHEMICALS,13JUL2026,102.11,2.912719209836727,43819,4474358.09,8.51,AVOID,31.97,68.03,25.3,72,77,STRONG INSTITUTIONAL BUYING,9,REJECTED,AVOID,0,NO ENTRY,0.0,0,NO TRADE,REJECTED,AVOID,1.17,100.58,103.13,97.0,110.28,116.41,False,0,0.0,0,,NO POSITION,,0.0,0,0,0,0.0,0.0,0.0,0.0,0.0,0.0,0.0,0,False,NO ACTION,No actual open position,NORMAL,NO ACTION,0.0,0.0,0.0,0.0,0.0,0.0,0.0,NOT APPLICABLE,0.0,exit_intelligence_engine_v1_1_position_state_aware,Strong trend | Warnings: Trade validation rejected | Validation status rejected | Entry timing rejected | Risk engine rejected | AI final decision restrictive | Institutional decision restrictive | Weak trade validation | Entry engine restrictive | Risk engine says no trade | Weak risk/reward | Weak market
FIBLM,I.B.L.MODARAB,MODARABA,UNKNOWN,13JUL2026,13.73,5.778120184899846,1943240,26680685.2,8.34,AVOID,34.72,65.28,27.48,70,73,STRONG INSTITUTIONAL BUYING,35,REJECTED,AVOID,0,NO ENTRY,0.0,0,NO TRADE,REJECTED,AVOID,1.16,13.52,13.87,13.04,14.83,15.65,False,0,0.0,0,,NO POSITION,,0.0,0,0,0,0.0,0.0,0.0,0.0,0.0,0.0,0.0,0,False,NO ACTION,No actual open position,NORMAL,NO ACTION,0.0,0.0,0.0,0.0,0.0,0.0,0.0,NOT APPLICABLE,0.0,exit_intelligence_engine_v1_1_position_state_aware,Strong trend | Warnings: Trade validation rejected | Validation status rejected | Entry timing rejected | Risk engine rejected | AI final decision restrictive | Institutional decision restrictive | Weak trade validation | Entry engine restrictive | Risk engine says no trade | Weak risk/reward | Weak market | High volatility
P01GHS150427,1 YEAR GHS,GOVT SECURITIES,1 YEAR GHS,13JUL2026,92.22,0.032541490400261566,145005000,13372361100.0,8.06,AVOID,32.85,67.15,26.62,64,67,NEUTRAL,19,REJECTED,AVOID,0,NO ENTRY,0.0,0,NO TRADE,REJECTED,AVOID,1.17,90.84,93.14,87.61,99.6,105.13,False,0,0.0,0,,NO POSITION,,0.0,0,0,0,0.0,0.0,0.0,0.0,0.0,0.0,0.0,0,False,NO ACTION,No actual open position,NORMAL,NO ACTION,0.0,0.0,0.0,0.0,0.0,0.0,0.0,NOT APPLICABLE,0.0,exit_intelligence_engine_v1_1_position_state_aware,Strong trend | Warnings: Trade validation rejected | Validation status rejected | Entry timing rejected | Risk engine rejected | AI final decision restrictive | Institutional decision restrictive | Weak trade validation | Entry engine restrictive | Risk engine says no trade | Weak risk/reward | Weak market
ALNRS,AL-NOOR SUGAR,SUGAR,SUGAR MILLS,13JUL2026,135.17,0.029601124842738136,405,54743.85,7.98,AVOID,29.3,70.7,23.79,69,65,INSTITUTIONAL BUYING,0,REJECTED,AVOID,0,NO ENTRY,0.0,0,NO TRADE,REJECTED,AVOID,1.17,133.14,136.52,128.41,145.98,154.09,False,0,0.0,0,,NO POSITION,,0.0,0,0,0,0.0,0.0,0.0,0.0,0.0,0.0,0.0,0,False,NO ACTION,No actual open position,NORMAL,NO ACTION,0.0,0.0,0.0,0.0,0.0,0.0,0.0,NOT APPLICABLE,0.0,exit_intelligence_engine_v1_1_position_state_aware,Institutional accumulation | Strong trend | Warnings: Trade validation rejected | Validation status rejected | Entry timing rejected | Risk engine rejected | AI final decision restrictive | Institutional decision restrictive | Weak trade validation | Entry engine restrictive | Risk engine says no trade | Weak risk/reward | Weak market
KSBP,K.S.B.PUMPS,ENGINEERING,PUMPS / ENGINEERING,13JUL2026,238.18,0.172435546957142,201981,48107834.58,7.87,AVOID,32.56,67.44,25.79,77,77,STRONG INSTITUTIONAL BUYING,17,REJECTED,AVOID,0,NO ENTRY,0.0,0,NO TRADE,REJECTED,AVOID,1.17,234.61,240.56,226.27,257.23,271.53,False,0,0.0,0,,NO POSITION,,0.0,0,0,0,0.0,0.0,0.0,0.0,0.0,0.0,0.0,0,False,NO ACTION,No actual open position,NORMAL,NO ACTION,0.0,0.0,0.0,0.0,0.0,0.0,0.0,NOT APPLICABLE,0.0,exit_intelligence_engine_v1_1_position_state_aware,Strong trend | Warnings: Trade validation rejected | Validation status rejected | Entry timing rejected | Risk engine rejected | AI final decision restrictive | Institutional decision restrictive | Weak trade validation | Entry engine restrictive | Risk engine says no trade | Weak risk/reward | Weak market | Weak sector
HAFL,HAFIZ LIMITED,MISCELLANEOUS,TRADING / MANUFACTURING,13JUL2026,485.17,0.1465549271353747,377,182909.09,7.5,AVOID,31.9,68.1,24.46,83,100,STRONG INSTITUTIONAL BUYING,8,REJECTED,AVOID,0,NO ENTRY,0.0,0,NO TRADE,REJECTED,AVOID,1.17,477.89,490.02,460.91,523.98,553.09,False,0,0.0,0,,NO POSITION,,0.0,0,0,0,0.0,0.0,0.0,0.0,0.0,0.0,0.0,0,False,NO ACTION,No actual open position,NORMAL,NO ACTION,0.0,0.0,0.0,0.0,0.0,0.0,0.0,NOT APPLICABLE,0.0,exit_intelligence_engine_v1_1_position_state_aware,Strong accumulation | Strong trend | Warnings: Trade validation rejected | Validation status rejected | Entry timing rejected | Risk engine rejected | AI final decision restrictive | Institutional decision restrictive | Weak trade validation | Entry engine restrictive | Risk engine says no trade | Weak risk/reward | Weak market | Very high volatility
GHGL,GHANI GLASS LTDXD,GLASS & CERAMICS,GLASS MANUFACTURING,13JUL2026,41.0,1.9646854016413806,457861,18772301.0,7.45,AVOID,31.64,68.36,25.2,64,60,NEUTRAL,16,REJECTED,AVOID,0,NO ENTRY,0.0,0,NO TRADE,REJECTED,AVOID,1.17,40.38,41.41,38.95,44.28,46.74,False,0,0.0,0,,NO POSITION,,0.0,0,0,0,0.0,0.0,0.0,0.0,0.0,0.0,0.0,0,False,NO ACTION,No actual open position,NORMAL,NO ACTION,0.0,0.0,0.0,0.0,0.0,0.0,0.0,NOT APPLICABLE,0.0,exit_intelligence_engine_v1_1_position_state_aware,Strong trend | Warnings: Trade validation rejected | Validation status rejected | Entry timing rejected | Risk engine rejected | AI final decision restrictive | Institutional decision restrictive | Weak trade validation | Entry engine restrictive | Risk engine says no trade | Weak risk/reward | Weak market
IDYM,INDUS DYEING,TEXTILE,DYEING / TEXTILE,13JUL2026,153.63,5.580372482990863,327965,50385262.949999996,6.65,AVOID,33.39,66.61,26.09,64,68,NEUTRAL,19,REJECTED,AVOID,4,NO ENTRY,0.0,0,NO TRADE,REJECTED,AVOID,1.17,151.33,155.17,145.95,165.92,175.14,False,0,0.0,0,,NO POSITION,,0.0,0,0,0,0.0,0.0,0.0,0.0,0.0,0.0,0.0,0,False,NO ACTION,No actual open position,NORMAL,NO ACTION,0.0,0.0,0.0,0.0,0.0,0.0,0.0,NOT APPLICABLE,0.0,exit_intelligence_engine_v1_1_position_state_aware,Strong trend | Warnings: Trade validation rejected | Validation status rejected | Entry timing rejected | Risk engine rejected | AI final decision restrictive | Institutional decision restrictive | Weak trade validation | Entry engine restrictive | Risk engine says no trade | Weak risk/reward | Weak market | Weak sector
OTSU,OTSUKA PAK,PHARMACEUTICAL,PHARMACEUTICALS,13JUL2026,433.82,4.552575133154987,45777,19858978.14,6.14,AVOID,32.51,67.49,25.08,88,91,STRONG INSTITUTIONAL BUYING,23,REJECTED,AVOID,0,NO ENTRY,0.0,0,NO TRADE,REJECTED,AVOID,1.17,427.31,438.16,412.13,468.53,494.55,False,0,0.0,0,,NO POSITION,,0.0,0,0,0,0.0,0.0,0.0,0.0,0.0,0.0,0.0,0,False,NO ACTION,No actual open position,NORMAL,NO ACTION,0.0,0.0,0.0,0.0,0.0,0.0,0.0,NOT APPLICABLE,0.0,exit_intelligence_engine_v1_1_position_state_aware,Strong smart money | Strong accumulation | Strong trend | Warnings: Trade validation rejected | Validation status rejected | Entry timing rejected | Risk engine rejected | AI final decision restrictive | Institutional decision restrictive | Weak trade validation | Entry engine restrictive | Risk engine says no trade | Weak risk/reward | Weak market | Weak sector | RSI extremely overheated
SKRS,SAKRAND SUGAR,SUGAR,SUGAR MILLS,13JUL2026,30.12,3.0800821355236216,161630,4868295.600000001,6.09,AVOID,30.52,69.48,24.11,61,55,NEUTRAL,15,REJECTED,AVOID,0,NO ENTRY,0.0,0,NO TRADE,REJECTED,AVOID,1.17,29.67,30.42,28.61,32.53,34.34,False,0,0.0,0,,NO POSITION,,0.0,0,0,0,0.0,0.0,0.0,0.0,0.0,0.0,0.0,0,False,NO ACTION,No actual open position,NORMAL,NO ACTION,0.0,0.0,0.0,0.0,0.0,0.0,0.0,NOT APPLICABLE,0.0,exit_intelligence_engine_v1_1_position_state_aware,Strong trend | Warnings: Trade validation rejected | Validation status rejected | Entry timing rejected | Risk engine rejected | AI final decision restrictive | Institutional decision restrictive | Weak trade validation | Entry engine restrictive | Risk engine says no trade | Weak risk/reward | Weak market
DBCI,DADABHOY CEMENT,CEMENT,CEMENT MANUFACTURING,13JUL2026,11.61,10.047393364928897,3468020,40263712.199999996,5.83,AVOID,34.52,65.48,25.84,100,100,STRONG INSTITUTIONAL BUYING,29,REJECTED,AVOID,0,NO ENTRY,0.0,0,NO TRADE,REJECTED,AVOID,1.16,11.44,11.73,11.03,12.54,13.24,False,0,0.0,0,,NO POSITION,,0.0,0,0,0,0.0,0.0,0.0,0.0,0.0,0.0,0.0,0,False,NO ACTION,No actual open position,NORMAL,NO ACTION,0.0,0.0,0.0,0.0,0.0,0.0,0.0,NOT APPLICABLE,0.0,exit_intelligence_engine_v1_1_position_state_aware,Strong smart money | Strong accumulation | Strong trend | Warnings: Trade validation rejected | Validation status rejected | Entry timing rejected | Risk engine rejected | AI final decision restrictive | Institutional decision restrictive | Weak trade validation | Entry engine restrictive | Risk engine says no trade | Weak risk/reward | Weak market | Weak sector | RSI overheated | Near upper cap / extended
ABL,ALLIED BANK LTD,BANKS,UNKNOWN,13JUL2026,186.94,0.435179713103746,64802,12114085.879999999,5.53,AVOID,29.31,70.69,23.25,69,65,INSTITUTIONAL BUYING,5,REJECTED,AVOID,0,NO ENTRY,0.0,0,NO TRADE,REJECTED,AVOID,1.17,184.14,188.81,177.59,201.9,213.11,False,0,0.0,0,,NO POSITION,,0.0,0,0,0,0.0,0.0,0.0,0.0,0.0,0.0,0.0,0,False,NO ACTION,No actual open position,NORMAL,NO ACTION,0.0,0.0,0.0,0.0,0.0,0.0,0.0,NOT APPLICABLE,0.0,exit_intelligence_engine_v1_1_position_state_aware,Institutional accumulation | Strong trend | Warnings: Trade validation rejected | Validation status rejected | Entry timing rejected | Risk engine rejected | AI final decision restrictive | Institutional decision restrictive | Weak trade validation | Entry engine restrictive | Risk engine says no trade | Weak risk/reward | Weak market | Weak sector
GRR,GLOBE RESIDENCY,PROPERTY,REAL ESTATE / RESIDENCY,13JUL2026,22.59,-0.7469244288225031,381067,8608303.53,5.42,AVOID,31.05,68.95,24.07,72,72,STRONG INSTITUTIONAL BUYING,17,REJECTED,AVOID,0,NO ENTRY,0.0,0,NO TRADE,REJECTED,AVOID,1.16,22.25,22.82,21.46,24.4,25.75,False,0,0.0,0,,NO POSITION,,0.0,0,0,0,0.0,0.0,0.0,0.0,0.0,0.0,0.0,0,False,NO ACTION,No actual open position,NORMAL,NO ACTION,0.0,0.0,0.0,0.0,0.0,0.0,0.0,NOT APPLICABLE,0.0,exit_intelligence_engine_v1_1_position_state_aware,Strong trend | Warnings: Trade validation rejected | Validation status rejected | Entry timing rejected | Risk engine rejected | AI final decision restrictive | Institutional decision restrictive | Weak trade validation | Entry engine restrictive | Risk engine says no trade | Weak risk/reward | Weak market | Weak sector
HBL,HABIB BANK,BANKS,UNKNOWN,13JUL2026,310.93,-0.9082796864044763,829063,257780558.59,5.25,AVOID,31.26,68.74,24.4,64,60,NEUTRAL,14,REJECTED,AVOID,0,NO ENTRY,0.0,0,NO TRADE,REJECTED,AVOID,1.17,306.27,314.04,295.38,335.8,354.46,False,0,0.0,0,,NO POSITION,,0.0,0,0,0,0.0,0.0,0.0,0.0,0.0,0.0,0.0,0,False,NO ACTION,No actual open position,NORMAL,NO ACTION,0.0,0.0,0.0,0.0,0.0,0.0,0.0,NOT APPLICABLE,0.0,exit_intelligence_engine_v1_1_position_state_aware,Strong trend | Warnings: Trade validation rejected | Validation status rejected | Entry timing rejected | Risk engine rejected | AI final decision restrictive | Institutional decision restrictive | Weak trade validation | Entry engine restrictive | Risk engine says no trade | Weak risk/reward | Weak market | Weak sector
JSBL,JS BANK LTD,BANKS,UNKNOWN,13JUL2026,14.89,-1.0631229235880408,3990798,59422982.22,5.08,AVOID,31.49,68.51,24.76,62,64,ACCUMULATION WATCH,25,REJECTED,AVOID,0,NO ENTRY,0.0,0,NO TRADE,REJECTED,AVOID,1.17,14.67,15.04,14.15,16.08,16.97,False,0,0.0,0,,NO POSITION,,0.0,0,0,0,0.0,0.0,0.0,0.0,0.0,0.0,0.0,0,False,NO ACTION,No actual open position,NORMAL,NO ACTION,0.0,0.0,0.0,0.0,0.0,0.0,0.0,NOT APPLICABLE,0.0,exit_intelligence_engine_v1_1_position_state_aware,Strong trend | Warnings: Trade validation rejected | Validation status rejected | Entry timing rejected | Risk engine rejected | AI final decision restrictive | Institutional decision restrictive | Weak trade validation | Entry engine restrictive | Risk engine says no trade | Weak risk/reward | Weak market | Weak sector
REWM,RELIANCE WEAVING,TEXTILE,WEAVING,13JUL2026,190.9,5.580443559537638,1072,204644.80000000002,4.94,AVOID,30.52,69.48,23.07,73,77,STRONG INSTITUTIONAL BUYING,11,REJECTED,AVOID,0,NO ENTRY,0.0,0,NO TRADE,REJECTED,AVOID,1.17,188.04,192.81,181.35,206.17,217.63,False,0,0.0,0,,NO POSITION,,0.0,0,0,0,0.0,0.0,0.0,0.0,0.0,0.0,0.0,0,False,NO ACTION,No actual open position,NORMAL,NO ACTION,0.0,0.0,0.0,0.0,0.0,0.0,0.0,NOT APPLICABLE,0.0,exit_intelligence_engine_v1_1_position_state_aware,Strong trend | Warnings: Trade validation rejected | Validation status rejected | Entry timing rejected | Risk engine rejected | AI final decision restrictive | Institutional decision restrictive | Weak trade validation | Entry engine restrictive | Risk engine says no trade | Weak risk/reward | Weak market | Weak sector
ZUMA,ZUMA RESOURCES LTD.,MISCELLANEOUS,RESOURCES / TRADING,13JUL2026,116.03,0.8518035636679738,352307,40878181.21,4.92,AVOID,29.58,70.42,23.27,64,67,NEUTRAL,8,REJECTED,AVOID,0,NO ENTRY,0.0,0,NO TRADE,REJECTED,AVOID,1.17,114.29,117.19,110.23,125.31,132.27,False,0,0.0,0,,NO POSITION,,0.0,0,0,0,0.0,0.0,0.0,0.0,0.0,0.0,0.0,0,False,NO ACTION,No actual open position,NORMAL,NO ACTION,0.0,0.0,0.0,0.0,0.0,0.0,0.0,NOT APPLICABLE,0.0,exit_intelligence_engine_v1_1_position_state_aware,Strong trend | Warnings: Trade validation rejected | Validation status rejected | Entry timing rejected | Risk engine rejected | AI final decision restrictive | Institutional decision restrictive | Weak trade validation | Entry engine restrictive | Risk engine says no trade | Weak risk/reward | Weak market
NICL,NIMIR IND.CHEM,CHEMICAL,INDUSTRIAL CHEMICALS,13JUL2026,242.96,1.780402999455406,283790,68949618.4,4.23,AVOID,29.44,70.56,22.78,56,50,NEUTRAL,1,REJECTED,AVOID,0,NO ENTRY,0.0,0,NO TRADE,REJECTED,AVOID,1.17,239.32,245.39,230.81,262.4,276.97,False,0,0.0,0,,NO POSITION,,0.0,0,0,0,0.0,0.0,0.0,0.0,0.0,0.0,0.0,0,False,NO ACTION,No actual open position,NORMAL,NO ACTION,0.0,0.0,0.0,0.0,0.0,0.0,0.0,NOT APPLICABLE,0.0,exit_intelligence_engine_v1_1_position_state_aware,Strong trend | Warnings: Trade validation rejected | Validation status rejected | Entry timing rejected | Risk engine rejected | AI final decision restrictive | Institutional decision restrictive | Weak trade validation | Entry engine restrictive | Risk engine says no trade | Weak risk/reward | Weak market
GOC,GOC (PAK) LTD.,CONSUMER GOODS,SPORTS / CONSUMER GOODS,13JUL2026,150.78,10.002188662727079,28773,4338392.94,4.03,AVOID,31.15,68.85,22.56,83,91,STRONG INSTITUTIONAL BUYING,2,REJECTED,AVOID,0,NO ENTRY,0.0,0,NO TRADE,REJECTED,AVOID,1.17,148.52,152.29,143.24,162.84,171.89,False,0,0.0,0,,NO POSITION,,0.0,0,0,0,0.0,0.0,0.0,0.0,0.0,0.0,0.0,0,False,NO ACTION,No actual open position,NORMAL,NO ACTION,0.0,0.0,0.0,0.0,0.0,0.0,0.0,NOT APPLICABLE,0.0,exit_intelligence_engine_v1_1_position_state_aware,Strong accumulation | Strong trend | Warnings: Trade validation rejected | Validation status rejected | Entry timing rejected | Risk engine rejected | AI final decision restrictive | Institutional decision restrictive | Weak trade validation | Entry engine restrictive | Risk engine says no trade | Weak risk/reward | Weak market | Near upper cap / extended
AKBL,ASKARI BANK,BANKS,UNKNOWN,13JUL2026,111.38,-0.4202056325435842,1578915,175859552.7,3.83,AVOID,29.84,70.16,23.47,59,60,NEUTRAL,13,REJECTED,AVOID,2,NO ENTRY,0.0,0,NO TRADE,REJECTED,AVOID,1.17,109.71,112.49,105.81,120.29,126.97,False,0,0.0,0,,NO POSITION,,0.0,0,0,0,0.0,0.0,0.0,0.0,0.0,0.0,0.0,0,False,NO ACTION,No actual open position,NORMAL,NO ACTION,0.0,0.0,0.0,0.0,0.0,0.0,0.0,NOT APPLICABLE,0.0,exit_intelligence_engine_v1_1_position_state_aware,Strong trend | Warnings: Trade validation rejected | Validation status rejected | Entry timing rejected | Risk engine rejected | AI final decision restrictive | Institutional decision restrictive | Weak trade validation | Entry engine restrictive | Risk engine says no trade | Weak risk/reward | Weak market | Weak sector
TPLI,TPL INSURANCE,INSURANCE,GENERAL INSURANCE,13JUL2026,45.24,9.460440358093404,1691735,76534091.4,3.57,AVOID,32.43,67.57,23.77,88,97,STRONG INSTITUTIONAL BUYING,16,REJECTED,AVOID,0,NO ENTRY,0.0,0,NO TRADE,REJECTED,AVOID,1.17,44.56,45.69,42.98,48.86,51.57,False,0,0.0,0,,NO POSITION,,0.0,0,0,0,0.0,0.0,0.0,0.0,0.0,0.0,0.0,0,False,NO ACTION,No actual open position,NORMAL,NO ACTION,0.0,0.0,0.0,0.0,0.0,0.0,0.0,NOT APPLICABLE,0.0,exit_intelligence_engine_v1_1_position_state_aware,Strong smart money | Strong accumulation | Strong trend | Warnings: Trade validation rejected | Validation status rejected | Entry timing rejected | Risk engine rejected | AI final decision restrictive | Institutional decision restrictive | Weak trade validation | Entry engine restrictive | Risk engine says no trade | Weak risk/reward | Weak market | Weak sector | RSI overheated | Large daily move | High volatility
GGL,GHANI GLO HOL,CHEMICAL,UNKNOWN,13JUL2026,24.68,-1.3194722111155612,1245573,30740741.64,3.54,AVOID,28.24,71.76,22.64,51,50,NEUTRAL,13,REJECTED,AVOID,0,NO ENTRY,0.0,0,NO TRADE,REJECTED,AVOID,1.16,24.31,24.93,23.45,26.65,28.14,False,0,0.0,0,,NO POSITION,,0.0,0,0,0,0.0,0.0,0.0,0.0,0.0,0.0,0.0,0,False,NO ACTION,No actual open position,NORMAL,NO ACTION,0.0,0.0,0.0,0.0,0.0,0.0,0.0,NOT APPLICABLE,0.0,exit_intelligence_engine_v1_1_position_state_aware,Strong trend | Warnings: Trade validation rejected | Validation status rejected | Entry timing rejected | Risk engine rejected | AI final decision restrictive | Institutional decision restrictive | Weak trade validation | Entry engine restrictive | Risk engine says no trade | Weak risk/reward | Weak market
EMCO,EMCO INDUSTRIES,ENGINEERING,INDUSTRIAL MANUFACTURING,13JUL2026,56.77,-3.893685457931263,137826,7824382.0200000005,3.51,AVOID,29.81,70.19,22.9,62,64,ACCUMULATION WATCH,16,REJECTED,AVOID,0,NO ENTRY,0.0,0,NO TRADE,REJECTED,AVOID,1.16,55.92,57.34,53.93,61.31,64.72,False,0,0.0,0,,NO POSITION,,0.0,0,0,0,0.0,0.0,0.0,0.0,0.0,0.0,0.0,0,False,NO ACTION,No actual open position,NORMAL,NO ACTION,0.0,0.0,0.0,0.0,0.0,0.0,0.0,NOT APPLICABLE,0.0,exit_intelligence_engine_v1_1_position_state_aware,Strong trend | Warnings: Trade validation rejected | Validation status rejected | Entry timing rejected | Risk engine rejected | AI final decision restrictive | Institutional decision restrictive | Weak trade validation | Entry engine restrictive | Risk engine says no trade | Weak risk/reward | Weak market | Weak sector
SHNI,SHAHEEN INS.,INSURANCE,GENERAL INSURANCE,13JUL2026,9.75,10.795454545454536,2347753,22890591.75,3.33,AVOID,32.88,67.12,24.21,85,95,STRONG INSTITUTIONAL BUYING,27,REJECTED,AVOID,0,NO ENTRY,0.0,0,NO TRADE,REJECTED,AVOID,1.15,9.6,9.85,9.26,10.53,11.11,False,0,0.0,0,,NO POSITION,,0.0,0,0,0,0.0,0.0,0.0,0.0,0.0,0.0,0.0,0,False,NO ACTION,No actual open position,NORMAL,NO ACTION,0.0,0.0,0.0,0.0,0.0,0.0,0.0,NOT APPLICABLE,0.0,exit_intelligence_engine_v1_1_position_state_aware,Strong smart money | Strong accumulation | Strong trend | Warnings: Trade validation rejected | Validation status rejected | Entry timing rejected | Risk engine rejected | AI final decision restrictive | Institutional decision restrictive | Weak trade validation | Entry engine restrictive | Risk engine says no trade | Weak risk/reward | Weak market | Weak sector | RSI overheated | Near upper cap / extended
LPL,LALPIR POWER,POWER,INDEPENDENT POWER PRODUCER,13JUL2026,22.78,0.35242290748899496,175297,3993265.66,3.05,AVOID,29.11,70.89,22.2,63,67,NEUTRAL,13,REJECTED,AVOID,0,NO ENTRY,0.0,0,NO TRADE,REJECTED,AVOID,1.16,22.44,23.01,21.64,24.6,25.97,False,0,0.0,0,,NO POSITION,,0.0,0,0,0,0.0,0.0,0.0,0.0,0.0,0.0,0.0,0,False,NO ACTION,No actual open position,NORMAL,NO ACTION,0.0,0.0,0.0,0.0,0.0,0.0,0.0,NOT APPLICABLE,0.0,exit_intelligence_engine_v1_1_position_state_aware,Strong trend | Warnings: Trade validation rejected | Validation status rejected | Entry timing rejected | Risk engine rejected | AI final decision restrictive | Institutional decision restrictive | Weak trade validation | Entry engine restrictive | Risk engine says no trade | Weak risk/reward | Weak market | Weak sector
AGIC,ASK.GEN.INSURANCE,INSURANCE,UNKNOWN,13JUL2026,42.14,-0.8470588235294105,34534,1455262.76,3.04,AVOID,28.7,71.3,21.77,64,60,NEUTRAL,5,REJECTED,AVOID,0,NO ENTRY,0.0,0,NO TRADE,REJECTED,AVOID,1.17,41.51,42.56,40.03,45.51,48.04,False,0,0.0,0,,NO POSITION,,0.0,0,0,0,0.0,0.0,0.0,0.0,0.0,0.0,0.0,0,False,NO ACTION,No actual open position,NORMAL,NO ACTION,0.0,0.0,0.0,0.0,0.0,0.0,0.0,NOT APPLICABLE,0.0,exit_intelligence_engine_v1_1_position_state_aware,Strong trend | Warnings: Trade validation rejected | Validation status rejected | Entry timing rejected | Risk engine rejected | AI final decision restrictive | Institutional decision restrictive | Weak trade validation | Entry engine restrictive | Risk engine says no trade | Weak risk/reward | Weak market | Weak sector
UBL,UNITED BANK,BANKS,UNKNOWN,13JUL2026,476.41,-1.5803825971986898,1479210,704710436.1,2.98,AVOID,29.37,70.63,22.89,56,50,NEUTRAL,13,REJECTED,AVOID,0,NO ENTRY,0.0,0,NO TRADE,REJECTED,AVOID,1.17,469.26,481.17,452.59,514.52,543.11,False,0,0.0,0,,NO POSITION,,0.0,0,0,0,0.0,0.0,0.0,0.0,0.0,0.0,0.0,0,False,NO ACTION,No actual open position,NORMAL,NO ACTION,0.0,0.0,0.0,0.0,0.0,0.0,0.0,NOT APPLICABLE,0.0,exit_intelligence_engine_v1_1_position_state_aware,Strong trend | Warnings: Trade validation rejected | Validation status rejected | Entry timing rejected | Risk engine rejected | AI final decision restrictive | Institutional decision restrictive | Weak trade validation | Entry engine restrictive | Risk engine says no trade | Weak risk/reward | Weak market | Weak sector
MQTM,MAQBOOL TEXTILE,TEXTILE,TEXTILE MILLS,13JUL2026,30.71,9.444048467569502,328149,10077455.790000001,2.97,AVOID,30.36,69.64,22.13,72,85,STRONG INSTITUTIONAL BUYING,0,REJECTED,AVOID,0,NO ENTRY,0.0,0,NO TRADE,REJECTED,AVOID,1.16,30.25,31.02,29.17,33.17,35.01,False,0,0.0,0,,NO POSITION,,0.0,0,0,0,0.0,0.0,0.0,0.0,0.0,0.0,0.0,0,False,NO ACTION,No actual open position,NORMAL,NO ACTION,0.0,0.0,0.0,0.0,0.0,0.0,0.0,NOT APPLICABLE,0.0,exit_intelligence_engine_v1_1_position_state_aware,Strong accumulation | Strong trend | Warnings: Trade validation rejected | Validation status rejected | Entry timing rejected | Risk engine rejected | AI final decision restrictive | Institutional decision restrictive | Weak trade validation | Entry engine restrictive | Risk engine says no trade | Weak risk/reward | Weak market | Weak sector | Large daily move
IPAK,INT. PACKAGING,PACKAGING,PACKAGING,13JUL2026,36.46,-1.910142588108692,166422,6067746.12,2.94,AVOID,28.98,71.02,21.69,64,60,NEUTRAL,1,REJECTED,AVOID,0,NO ENTRY,0.0,0,NO TRADE,REJECTED,AVOID,1.17,35.91,36.82,34.64,39.38,41.56,False,0,0.0,0,,NO POSITION,,0.0,0,0,0,0.0,0.0,0.0,0.0,0.0,0.0,0.0,0,False,NO ACTION,No actual open position,NORMAL,NO ACTION,0.0,0.0,0.0,0.0,0.0,0.0,0.0,NOT APPLICABLE,0.0,exit_intelligence_engine_v1_1_position_state_aware,Strong trend | Warnings: Trade validation rejected | Validation status rejected | Entry timing rejected | Risk engine rejected | AI final decision restrictive | Institutional decision restrictive | Weak trade validation | Entry engine restrictive | Risk engine says no trade | Weak risk/reward | Weak market | Weak sector
PGLC,PAK GULF LEASING,LEASING,LEASING,13JUL2026,15.8,-0.37831021437578005,46670,737386.0,2.68,AVOID,26.52,73.48,20.66,58,60,NEUTRAL,0,REJECTED,AVOID,0,NO ENTRY,0.0,0,NO TRADE,REJECTED,AVOID,1.16,15.56,15.96,15.01,17.06,18.01,False,0,0.0,0,,NO POSITION,,0.0,0,0,0,0.0,0.0,0.0,0.0,0.0,0.0,0.0,0,False,NO ACTION,No actual open position,NORMAL,NO ACTION,0.0,0.0,0.0,0.0,0.0,0.0,0.0,NOT APPLICABLE,0.0,exit_intelligence_engine_v1_1_position_state_aware,Strong trend | Warnings: Trade validation rejected | Validation status rejected | Entry timing rejected | Risk engine rejected | AI final decision restrictive | Institutional decision restrictive | Weak trade validation | Entry engine restrictive | Risk engine says no trade | Weak risk/reward | Weak market
P01GHS290427,1 YEAR GHS,GOVT SECURITIES,1 YEAR GHS,13JUL2026,91.6,0.010918222513364892,5000,458000.0,2.52,AVOID,26.37,73.63,20.47,64,67,NEUTRAL,0,REJECTED,AVOID,0,NO ENTRY,0.0,0,NO TRADE,REJECTED,AVOID,1.17,90.23,92.52,87.02,98.93,104.42,False,0,0.0,0,,NO POSITION,,0.0,0,0,0,0.0,0.0,0.0,0.0,0.0,0.0,0.0,0,False,NO ACTION,No actual open position,NORMAL,NO ACTION,0.0,0.0,0.0,0.0,0.0,0.0,0.0,NOT APPLICABLE,0.0,exit_intelligence_engine_v1_1_position_state_aware,Strong trend | Warnings: Trade validation rejected | Validation status rejected | Entry timing rejected | Risk engine rejected | AI final decision restrictive | Institutional decision restrictive | Weak trade validation | Entry engine restrictive | Risk engine says no trade | Weak risk/reward | Weak market
P01GHS130527,1 YEAR GHS,GOVT SECURITIES,1 YEAR GHS,13JUL2026,91.27,0.043845226350972315,5000,456350.0,2.52,AVOID,26.37,73.63,20.47,64,67,NEUTRAL,0,REJECTED,AVOID,0,NO ENTRY,0.0,0,NO TRADE,REJECTED,AVOID,1.17,89.9,92.18,86.71,98.57,104.05,False,0,0.0,0,,NO POSITION,,0.0,0,0,0,0.0,0.0,0.0,0.0,0.0,0.0,0.0,0,False,NO ACTION,No actual open position,NORMAL,NO ACTION,0.0,0.0,0.0,0.0,0.0,0.0,0.0,NOT APPLICABLE,0.0,exit_intelligence_engine_v1_1_position_state_aware,Strong trend | Warnings: Trade validation rejected | Validation status rejected | Entry timing rejected | Risk engine rejected | AI final decision restrictive | Institutional decision restrictive | Weak trade validation | Entry engine restrictive | Risk engine says no trade | Weak risk/reward | Weak market
OLPL,OLP FINANCIAL,FINANCE,FINANCIAL SERVICES,13JUL2026,49.95,0.2006018054162516,36732,1834763.4000000001,2.47,AVOID,26.49,73.51,20.9,56,55,NEUTRAL,0,REJECTED,AVOID,0,NO ENTRY,0.0,0,NO TRADE,REJECTED,AVOID,1.17,49.2,50.45,47.45,53.95,56.94,False,0,0.0,0,,NO POSITION,,0.0,0,0,0,0.0,0.0,0.0,0.0,0.0,0.0,0.0,0,False,NO ACTION,No actual open position,NORMAL,NO ACTION,0.0,0.0,0.0,0.0,0.0,0.0,0.0,NOT APPLICABLE,0.0,exit_intelligence_engine_v1_1_position_state_aware,Strong trend | Warnings: Trade validation rejected | Validation status rejected | Entry timing rejected | Risk engine rejected | AI final decision restrictive | Institutional decision restrictive | Weak trade validation | Entry engine restrictive | Risk engine says no trade | Weak risk/reward | Weak market
IMS,INTERMARKET SEC.,INSURANCE,UNKNOWN,13JUL2026,24.75,-0.12106537530266802,4152131,102765242.25,2.31,AVOID,29.03,70.97,22.72,45,50,NEUTRAL,17,REJECTED,AVOID,0,NO ENTRY,0.0,0,NO TRADE,REJECTED,AVOID,1.16,24.38,25.0,23.51,26.73,28.21,False,0,0.0,0,,NO POSITION,,0.0,0,0,0,0.0,0.0,0.0,0.0,0.0,0.0,0.0,0,False,NO ACTION,No actual open position,NORMAL,NO ACTION,0.0,0.0,0.0,0.0,0.0,0.0,0.0,NOT APPLICABLE,0.0,exit_intelligence_engine_v1_1_position_state_aware,Strong trend | Warnings: Trade validation rejected | Validation status rejected | Entry timing rejected | Risk engine rejected | AI final decision restrictive | Institutional decision restrictive | Weak trade validation | Entry engine restrictive | Risk engine says no trade | Weak risk/reward | Weak market | Weak sector
GCIL,GHANI CHEMICAL,CHEMICAL,UNKNOWN,13JUL2026,36.54,-2.455953016550992,2740627,100142510.58,2.29,AVOID,26.95,73.05,21.9,46,50,NEUTRAL,8,REJECTED,AVOID,0,NO ENTRY,0.0,0,NO TRADE,REJECTED,AVOID,1.16,35.99,36.91,34.71,39.46,41.66,False,0,0.0,0,,NO POSITION,,0.0,0,0,0,0.0,0.0,0.0,0.0,0.0,0.0,0.0,0,False,NO ACTION,No actual open position,NORMAL,NO ACTION,0.0,0.0,0.0,0.0,0.0,0.0,0.0,NOT APPLICABLE,0.0,exit_intelligence_engine_v1_1_position_state_aware,Strong trend | Warnings: Trade validation rejected | Validation status rejected | Entry timing rejected | Risk engine rejected | AI final decision restrictive | Institutional decision restrictive | Weak trade validation | Entry engine restrictive | Risk engine says no trade | Weak risk/reward | Weak market
SYM,SYMMETRY GROUP LTD,TECHNOLOGY,UNKNOWN,13JUL2026,11.63,0.17226528854436995,1824121,21214527.23,2.17,AVOID,28.17,71.83,21.73,55,55,NEUTRAL,9,REJECTED,AVOID,0,NO ENTRY,0.0,0,NO TRADE,REJECTED,AVOID,1.16,11.46,11.75,11.05,12.56,13.26,False,0,0.0,0,,NO POSITION,,0.0,0,0,0,0.0,0.0,0.0,0.0,0.0,0.0,0.0,0,False,NO ACTION,No actual open position,NORMAL,NO ACTION,0.0,0.0,0.0,0.0,0.0,0.0,0.0,NOT APPLICABLE,0.0,exit_intelligence_engine_v1_1_position_state_aware,Strong trend | Warnings: Trade validation rejected | Validation status rejected | Entry timing rejected | Risk engine rejected | AI final decision restrictive | Institutional decision restrictive | Weak trade validation | Entry engine restrictive | Risk engine says no trade | Weak risk/reward | Weak market | Weak sector
DCR,DOLMEN CITY,REIT,REAL ESTATE INVESTMENT TRUST,13JUL2026,38.46,-0.9273570324574947,407103,15657181.38,2.1,AVOID,26.37,73.63,21.06,51,50,NEUTRAL,4,REJECTED,AVOID,0,NO ENTRY,0.0,0,NO TRADE,REJECTED,AVOID,1.17,37.88,38.84,36.54,41.54,43.84,False,0,0.0,0,,NO POSITION,,0.0,0,0,0,0.0,0.0,0.0,0.0,0.0,0.0,0.0,0,False,NO ACTION,No actual open position,NORMAL,NO ACTION,0.0,0.0,0.0,0.0,0.0,0.0,0.0,NOT APPLICABLE,0.0,exit_intelligence_engine_v1_1_position_state_aware,Strong trend | Warnings: Trade validation rejected | Validation status rejected | Entry timing rejected | Risk engine rejected | AI final decision restrictive | Institutional decision restrictive | Weak trade validation | Entry engine restrictive | Risk engine says no trade | Weak risk/reward | Weak market
QTECH,QUANTUM DATA,TECHNOLOGY,DATA / IT SERVICES,13JUL2026,52.3,4.579084183163365,2844381,148761126.29999998,1.88,AVOID,29.39,70.61,22.18,50,55,NEUTRAL,10,REJECTED,AVOID,0,NO ENTRY,0.0,0,NO TRADE,REJECTED,AVOID,1.17,51.52,52.82,49.68,56.48,59.62,False,0,0.0,0,,NO POSITION,,0.0,0,0,0,0.0,0.0,0.0,0.0,0.0,0.0,0.0,0,False,NO ACTION,No actual open position,NORMAL,NO ACTION,0.0,0.0,0.0,0.0,0.0,0.0,0.0,NOT APPLICABLE,0.0,exit_intelligence_engine_v1_1_position_state_aware,Strong trend | Warnings: Trade validation rejected | Validation status rejected | Entry timing rejected | Risk engine rejected | AI final decision restrictive | Institutional decision restrictive | Weak trade validation | Entry engine restrictive | Risk engine says no trade | Weak risk/reward | Weak market | Weak sector
UDPL,UNITED DISTRIBUTOR,FOOD,FOOD DISTRIBUTION,13JUL2026,123.26,0.9335080248935477,29474,3632965.24,1.75,AVOID,27.48,72.52,20.93,61,55,NEUTRAL,5,REJECTED,AVOID,0,NO ENTRY,0.0,0,NO TRADE,REJECTED,AVOID,1.17,121.41,124.49,117.1,133.12,140.52,False,0,0.0,0,,NO POSITION,,0.0,0,0,0,0.0,0.0,0.0,0.0,0.0,0.0,0.0,0,False,NO ACTION,No actual open position,NORMAL,NO ACTION,0.0,0.0,0.0,0.0,0.0,0.0,0.0,NOT APPLICABLE,0.0,exit_intelligence_engine_v1_1_position_state_aware,Strong trend | Warnings: Trade validation rejected | Validation status rejected | Entry timing rejected | Risk engine rejected | AI final decision restrictive | Institutional decision restrictive | Weak trade validation | Entry engine restrictive | Risk engine says no trade | Weak risk/reward | Weak market | Weak sector
PIAHCLA,PIA HOLDING COMPANY,HOLDING,HOLDING COMPANY,13JUL2026,29.69,0.5758807588075939,11986700,355885123.0,1.66,AVOID,28.39,71.61,22.23,49,50,NEUTRAL,10,REJECTED,AVOID,7,NO ENTRY,0.0,0,NO TRADE,REJECTED,AVOID,1.17,29.24,29.99,28.21,32.07,33.85,False,0,0.0,0,,NO POSITION,,0.0,0,0,0,0.0,0.0,0.0,0.0,0.0,0.0,0.0,0,False,NO ACTION,No actual open position,NORMAL,NO ACTION,0.0,0.0,0.0,0.0,0.0,0.0,0.0,NOT APPLICABLE,0.0,exit_intelligence_engine_v1_1_position_state_aware,Strong trend | Warnings: Trade validation rejected | Validation status rejected | Entry timing rejected | Risk engine rejected | AI final decision restrictive | Institutional decision restrictive | Weak trade validation | Entry engine restrictive | Risk engine says no trade | Weak risk/reward | Weak market | Weak sector
ANSM,ANSARI SUGAR,SUGAR,SUGAR MILLS,13JUL2026,34.47,2.2545238801542506,726004,25025357.88,1.59,AVOID,28.81,71.19,21.13,64,65,NEUTRAL,1,REJECTED,AVOID,0,NO ENTRY,0.0,0,NO TRADE,REJECTED,AVOID,1.17,33.95,34.81,32.75,37.23,39.3,False,0,0.0,0,,NO POSITION,,0.0,0,0,0,0.0,0.0,0.0,0.0,0.0,0.0,0.0,0,False,NO ACTION,No actual open position,NORMAL,NO ACTION,0.0,0.0,0.0,0.0,0.0,0.0,0.0,NOT APPLICABLE,0.0,exit_intelligence_engine_v1_1_position_state_aware,Strong trend | Warnings: Trade validation rejected | Validation status rejected | Entry timing rejected | Risk engine rejected | AI final decision restrictive | Institutional decision restrictive | Weak trade validation | Entry engine restrictive | Risk engine says no trade | Weak risk/reward | Weak market | High volatility
BML,BANK MAKRAMAH,BANKS,COMMERCIAL BANK,13JUL2026,63.35,-3.4445968602347175,183297,11611864.950000001,1.31,AVOID,27.26,72.74,21.01,56,50,NEUTRAL,9,REJECTED,AVOID,0,NO ENTRY,0.0,0,NO TRADE,REJECTED,AVOID,1.17,62.4,63.98,60.18,68.42,72.22,False,0,0.0,0,,NO POSITION,,0.0,0,0,0,0.0,0.0,0.0,0.0,0.0,0.0,0.0,0,False,NO ACTION,No actual open position,NORMAL,NO ACTION,0.0,0.0,0.0,0.0,0.0,0.0,0.0,NOT APPLICABLE,0.0,exit_intelligence_engine_v1_1_position_state_aware,Strong trend | Warnings: Trade validation rejected | Validation status rejected | Entry timing rejected | Risk engine rejected | AI final decision restrictive | Institutional decision restrictive | Weak trade validation | Entry engine restrictive | Risk engine says no trade | Weak risk/reward | Weak market | Weak sector
NATF,NATIONAL FOODS,FOOD,PACKAGED FOODS,13JUL2026,392.12,-1.1171352918925752,64334,25226648.080000002,1.24,AVOID,27.03,72.97,21.11,56,50,NEUTRAL,9,REJECTED,AVOID,0,NO ENTRY,0.0,0,NO TRADE,REJECTED,AVOID,1.17,386.24,396.04,372.51,423.49,447.02,False,0,0.0,0,,NO POSITION,,0.0,0,0,0,0.0,0.0,0.0,0.0,0.0,0.0,0.0,0,False,NO ACTION,No actual open position,NORMAL,NO ACTION,0.0,0.0,0.0,0.0,0.0,0.0,0.0,NOT APPLICABLE,0.0,exit_intelligence_engine_v1_1_position_state_aware,Strong trend | Warnings: Trade validation rejected | Validation status rejected | Entry timing rejected | Risk engine rejected | AI final decision restrictive | Institutional decision restrictive | Weak trade validation | Entry engine restrictive | Risk engine says no trade | Weak risk/reward | Weak market | Weak sector
SINDM,SINDH MODARABA,MODARABA,MODARABA,13JUL2026,24.11,-1.7121891561353513,20275,488830.25,1.17,AVOID,24.59,75.41,19.62,56,50,NEUTRAL,0,REJECTED,AVOID,0,NO ENTRY,0.0,0,NO TRADE,REJECTED,AVOID,1.17,23.75,24.35,22.9,26.04,27.49,False,0,0.0,0,,NO POSITION,,0.0,0,0,0,0.0,0.0,0.0,0.0,0.0,0.0,0.0,0,False,NO ACTION,No actual open position,NORMAL,NO ACTION,0.0,0.0,0.0,0.0,0.0,0.0,0.0,NOT APPLICABLE,0.0,exit_intelligence_engine_v1_1_position_state_aware,Strong trend | Warnings: Trade validation rejected | Validation status rejected | Entry timing rejected | Risk engine rejected | AI final decision restrictive | Institutional decision restrictive | Weak trade validation | Entry engine restrictive | Risk engine says no trade | Weak risk/reward | Weak market
HMB,HABIB METROPOLITAN,BANKS,COMMERCIAL BANK,13JUL2026,118.22,0.18644067796610073,97126,11482235.72,1.16,AVOID,26.84,73.16,20.41,61,55,NEUTRAL,0,REJECTED,AVOID,0,NO ENTRY,0.0,0,NO TRADE,REJECTED,AVOID,1.17,116.45,119.4,112.31,127.68,134.77,False,0,0.0,0,,NO POSITION,,0.0,0,0,0,0.0,0.0,0.0,0.0,0.0,0.0,0.0,0,False,NO ACTION,No actual open position,NORMAL,NO ACTION,0.0,0.0,0.0,0.0,0.0,0.0,0.0,NOT APPLICABLE,0.0,exit_intelligence_engine_v1_1_position_state_aware,Strong trend | Warnings: Trade validation rejected | Validation status rejected | Entry timing rejected | Risk engine rejected | AI final decision restrictive | Institutional decision restrictive | Weak trade validation | Entry engine restrictive | Risk engine says no trade | Weak risk/reward | Weak market | Weak sector
ATIL,ATLAS INS. LTD,INSURANCE,GENERAL INSURANCE,13JUL2026,75.9,0.1319261213720429,6268,475741.2,1.12,AVOID,26.16,73.84,19.8,64,60,NEUTRAL,0,REJECTED,AVOID,0,NO ENTRY,0.0,0,NO TRADE,REJECTED,AVOID,1.17,74.76,76.66,72.11,81.97,86.53,False,0,0.0,0,,NO POSITION,,0.0,0,0,0,0.0,0.0,0.0,0.0,0.0,0.0,0.0,0,False,NO ACTION,No actual open position,NORMAL,NO ACTION,0.0,0.0,0.0,0.0,0.0,0.0,0.0,NOT APPLICABLE,0.0,exit_intelligence_engine_v1_1_position_state_aware,Strong trend | Warnings: Trade validation rejected | Validation status rejected | Entry timing rejected | Risk engine rejected | AI final decision restrictive | Institutional decision restrictive | Weak trade validation | Entry engine restrictive | Risk engine says no trade | Weak risk/reward | Weak market | Weak sector
ILP,INTERLOOP LTD.,TEXTILE,UNKNOWN,13JUL2026,101.04,-2.7713625866050764,994248,100458817.92,0.9,AVOID,26.78,73.22,21.45,51,50,NEUTRAL,13,REJECTED,AVOID,0,NO ENTRY,0.0,0,NO TRADE,REJECTED,AVOID,1.17,99.52,102.05,95.99,109.12,115.19,False,0,0.0,0,,NO POSITION,,0.0,0,0,0,0.0,0.0,0.0,0.0,0.0,0.0,0.0,0,False,NO ACTION,No actual open position,NORMAL,NO ACTION,0.0,0.0,0.0,0.0,0.0,0.0,0.0,NOT APPLICABLE,0.0,exit_intelligence_engine_v1_1_position_state_aware,Strong trend | Warnings: Trade validation rejected | Validation status rejected | Entry timing rejected | Risk engine rejected | AI final decision restrictive | Institutional decision restrictive | Weak trade validation | Entry engine restrictive | Risk engine says no trade | Weak risk/reward | Weak market | Weak sector
TRSM,TRUST MODARABA,MODARABA,UNKNOWN,13JUL2026,16.18,0.1857585139318956,659952,10678023.36,0.83,AVOID,25.53,74.47,19.97,55,55,NEUTRAL,0,REJECTED,AVOID,0,NO ENTRY,0.0,0,NO TRADE,REJECTED,AVOID,1.16,15.94,16.34,15.37,17.47,18.45,False,0,0.0,0,,NO POSITION,,0.0,0,0,0,0.0,0.0,0.0,0.0,0.0,0.0,0.0,0,False,NO ACTION,No actual open position,NORMAL,NO ACTION,0.0,0.0,0.0,0.0,0.0,0.0,0.0,NOT APPLICABLE,0.0,exit_intelligence_engine_v1_1_position_state_aware,Strong trend | Warnings: Trade validation rejected | Validation status rejected | Entry timing rejected | Risk engine rejected | AI final decision restrictive | Institutional decision restrictive | Weak trade validation | Entry engine restrictive | Risk engine says no trade | Weak risk/reward | Weak market
HABSM,HABIB SUGAR,SUGAR,SUGAR MILLS,13JUL2026,81.0,1.1867582760774553,23835,1930635.0,0.74,AVOID,25.34,74.66,19.78,55,55,NEUTRAL,0,REJECTED,AVOID,0,NO ENTRY,0.0,0,NO TRADE,REJECTED,AVOID,1.17,79.78,81.81,76.95,87.48,92.34,False,0,0.0,0,,NO POSITION,,0.0,0,0,0,0.0,0.0,0.0,0.0,0.0,0.0,0.0,0,False,NO ACTION,No actual open position,NORMAL,NO ACTION,0.0,0.0,0.0,0.0,0.0,0.0,0.0,NOT APPLICABLE,0.0,exit_intelligence_engine_v1_1_position_state_aware,Strong trend | Warnings: Trade validation rejected | Validation status rejected | Entry timing rejected | Risk engine rejected | AI final decision restrictive | Institutional decision restrictive | Weak trade validation | Entry engine restrictive | Risk engine says no trade | Weak risk/reward | Weak market
ASC,AL-SHAHEER CORP,FOOD,UNKNOWN,13JUL2026,13.58,-1.9494584837545095,743161,10092126.38,0.69,AVOID,26.21,73.79,20.53,56,50,NEUTRAL,9,REJECTED,AVOID,0,NO ENTRY,0.0,0,NO TRADE,REJECTED,AVOID,1.16,13.38,13.72,12.9,14.67,15.48,False,0,0.0,0,,NO POSITION,,0.0,0,0,0,0.0,0.0,0.0,0.0,0.0,0.0,0.0,0,False,NO ACTION,No actual open position,NORMAL,NO ACTION,0.0,0.0,0.0,0.0,0.0,0.0,0.0,NOT APPLICABLE,0.0,exit_intelligence_engine_v1_1_position_state_aware,Strong trend | Warnings: Trade validation rejected | Validation status rejected | Entry timing rejected | Risk engine rejected | AI final decision restrictive | Institutional decision restrictive | Weak trade validation | Entry engine restrictive | Risk engine says no trade | Weak risk/reward | Weak market | Weak sector
KHTC,KHYBER TOBACCO,TOBACCO,TOBACCO,13JUL2026,337.97,-1.0307768895135967,3867,1306929.99,0.58,AVOID,25.91,74.09,19.87,58,60,NEUTRAL,1,REJECTED,AVOID,0,NO ENTRY,0.0,0,NO TRADE,REJECTED,AVOID,1.17,332.9,341.35,321.07,365.01,385.29,False,0,0.0,0,,NO POSITION,,0.0,0,0,0,0.0,0.0,0.0,0.0,0.0,0.0,0.0,0,False,NO ACTION,No actual open position,NORMAL,NO ACTION,0.0,0.0,0.0,0.0,0.0,0.0,0.0,NOT APPLICABLE,0.0,exit_intelligence_engine_v1_1_position_state_aware,Strong trend | Warnings: Trade validation rejected | Validation status rejected | Entry timing rejected | Risk engine rejected | AI final decision restrictive | Institutional decision restrictive | Weak trade validation | Entry engine restrictive | Risk engine says no trade | Weak risk/reward | Weak market | Weak sector
PSX,PAK STOCK EXCHANGE,FINANCE,STOCK EXCHANGE,13JUL2026,53.38,-2.198607548552576,4954913,264493255.94000003,0.52,AVOID,25.42,74.58,20.54,51,50,NEUTRAL,4,REJECTED,AVOID,0,NO ENTRY,0.0,0,NO TRADE,REJECTED,AVOID,1.17,52.58,53.91,50.71,57.65,60.85,False,0,0.0,0,,NO POSITION,,0.0,0,0,0,0.0,0.0,0.0,0.0,0.0,0.0,0.0,0,False,NO ACTION,No actual open position,NORMAL,NO ACTION,0.0,0.0,0.0,0.0,0.0,0.0,0.0,NOT APPLICABLE,0.0,exit_intelligence_engine_v1_1_position_state_aware,Strong trend | Warnings: Trade validation rejected | Validation status rejected | Entry timing rejected | Risk engine rejected | AI final decision restrictive | Institutional decision restrictive | Weak trade validation | Entry engine restrictive | Risk engine says no trade | Weak risk/reward | Weak market
CRTM,CRESCENT TEX.,TEXTILE,TEXTILE MILLS,13JUL2026,82.8,-0.5524861878453133,12951,1072342.8,0.52,AVOID,26.76,73.24,19.84,64,60,NEUTRAL,0,REJECTED,AVOID,0,NO ENTRY,0.0,0,NO TRADE,REJECTED,AVOID,1.16,81.56,83.63,78.66,89.42,94.39,False,0,0.0,0,,NO POSITION,,0.0,0,0,0,0.0,0.0,0.0,0.0,0.0,0.0,0.0,0,False,NO ACTION,No actual open position,NORMAL,NO ACTION,0.0,0.0,0.0,0.0,0.0,0.0,0.0,NOT APPLICABLE,0.0,exit_intelligence_engine_v1_1_position_state_aware,Strong trend | Warnings: Trade validation rejected | Validation status rejected | Entry timing rejected | Risk engine rejected | AI final decision restrictive | Institutional decision restrictive | Weak trade validation | Entry engine restrictive | Risk engine says no trade | Weak risk/reward | Weak market | Weak sector
ANLNV,AZGARD(NON-VOTI)(PR),TEXTILE,TEXTILE / PREFERENCE SHARE,13JUL2026,9.4,4.444444444444448,2720,25568.0,0.44,AVOID,28.15,71.85,19.81,75,79,STRONG INSTITUTIONAL BUYING,0,REJECTED,AVOID,0,NO ENTRY,0.0,0,NO TRADE,REJECTED,AVOID,1.18,9.26,9.49,8.93,10.15,10.72,False,0,0.0,0,,NO POSITION,,0.0,0,0,0,0.0,0.0,0.0,0.0,0.0,0.0,0.0,0,False,NO ACTION,No actual open position,NORMAL,NO ACTION,0.0,0.0,0.0,0.0,0.0,0.0,0.0,NOT APPLICABLE,0.0,exit_intelligence_engine_v1_1_position_state_aware,Strong trend | Warnings: Trade validation rejected | Validation status rejected | Entry timing rejected | Risk engine rejected | AI final decision restrictive | Institutional decision restrictive | Weak trade validation | Entry engine restrictive | Risk engine says no trade | Weak risk/reward | Weak market | Weak sector | High volatility
JSIL,JS INVESTMENTS,ASSET MANAGEMENT,INVESTMENT MANAGEMENT,13JUL2026,46.85,4.087980448789166,22706,1063776.1,0.41,AVOID,27.66,72.34,20.04,60,62,NEUTRAL,0,REJECTED,AVOID,0,NO ENTRY,0.0,0,NO TRADE,REJECTED,AVOID,1.17,46.15,47.32,44.51,50.6,53.41,False,0,0.0,0,,NO POSITION,,0.0,0,0,0,0.0,0.0,0.0,0.0,0.0,0.0,0.0,0,False,NO ACTION,No actual open position,NORMAL,NO ACTION,0.0,0.0,0.0,0.0,0.0,0.0,0.0,NOT APPLICABLE,0.0,exit_intelligence_engine_v1_1_position_state_aware,Strong trend | Warnings: Trade validation rejected | Validation status rejected | Entry timing rejected | Risk engine rejected | AI final decision restrictive | Institutional decision restrictive | Weak trade validation | Entry engine restrictive | Risk engine says no trade | Weak risk/reward | Weak market | High volatility
BWHL,BAL.WHEELS,AUTO PARTS,AUTO WHEELS,13JUL2026,224.21,-0.013378523011060085,7603,1704668.6300000001,0.35,AVOID,25.56,74.44,19.66,59,60,NEUTRAL,0,REJECTED,AVOID,0,NO ENTRY,0.0,0,NO TRADE,REJECTED,AVOID,1.17,220.85,226.45,213.0,242.15,255.6,False,0,0.0,0,,NO POSITION,,0.0,0,0,0,0.0,0.0,0.0,0.0,0.0,0.0,0.0,0,False,NO ACTION,No actual open position,NORMAL,NO ACTION,0.0,0.0,0.0,0.0,0.0,0.0,0.0,NOT APPLICABLE,0.0,exit_intelligence_engine_v1_1_position_state_aware,Strong trend | Warnings: Trade validation rejected | Validation status rejected | Entry timing rejected | Risk engine rejected | AI final decision restrictive | Institutional decision restrictive | Weak trade validation | Entry engine restrictive | Risk engine says no trade | Weak risk/reward | Weak market | Weak sector
FRSM,FARAN SUGAR MILLS,SUGAR,SUGAR MILLS,13JUL2026,49.17,-1.3046969088719362,6374,313409.58,0.35,AVOID,24.21,75.79,19.06,58,60,NEUTRAL,0,REJECTED,AVOID,0,NO ENTRY,0.0,0,NO TRADE,REJECTED,AVOID,1.17,48.43,49.66,46.71,53.1,56.05,False,0,0.0,0,,NO POSITION,,0.0,0,0,0,0.0,0.0,0.0,0.0,0.0,0.0,0.0,0,False,NO ACTION,No actual open position,NORMAL,NO ACTION,0.0,0.0,0.0,0.0,0.0,0.0,0.0,NOT APPLICABLE,0.0,exit_intelligence_engine_v1_1_position_state_aware,Strong trend | Warnings: Trade validation rejected | Validation status rejected | Entry timing rejected | Risk engine rejected | AI final decision restrictive | Institutional decision restrictive | Weak trade validation | Entry engine restrictive | Risk engine says no trade | Weak risk/reward | Weak market
RPL,ROSHAN PACKAGES,PACKAGING,UNKNOWN,13JUL2026,18.48,-3.1446540880503036,1147926,21213672.48,0.2,AVOID,25.97,74.03,20.46,50,50,NEUTRAL,9,REJECTED,AVOID,0,NO ENTRY,0.0,0,NO TRADE,REJECTED,AVOID,1.18,18.2,18.66,17.56,19.96,21.07,False,0,0.0,0,,NO POSITION,,0.0,0,0,0,0.0,0.0,0.0,0.0,0.0,0.0,0.0,0,False,NO ACTION,No actual open position,NORMAL,NO ACTION,0.0,0.0,0.0,0.0,0.0,0.0,0.0,NOT APPLICABLE,0.0,exit_intelligence_engine_v1_1_position_state_aware,Strong trend | Warnings: Trade validation rejected | Validation status rejected | Entry timing rejected | Risk engine rejected | AI final decision restrictive | Institutional decision restrictive | Weak trade validation | Entry engine restrictive | Risk engine says no trade | Weak risk/reward | Weak market | Weak sector
SGPL,S.G.POWER,POWER,UNKNOWN,13JUL2026,117.04,3.019100431300068,3880834,454212811.36,0.0,AVOID,28.92,71.08,21.2,56,55,NEUTRAL,11,REJECTED,AVOID,0,NO ENTRY,0.0,0,NO TRADE,REJECTED,AVOID,1.17,115.28,118.21,111.19,126.4,133.43,False,0,0.0,0,,NO POSITION,,0.0,0,0,0,0.0,0.0,0.0,0.0,0.0,0.0,0.0,0,False,NO ACTION,No actual open position,NORMAL,NO ACTION,0.0,0.0,0.0,0.0,0.0,0.0,0.0,NOT APPLICABLE,0.0,exit_intelligence_engine_v1_1_position_state_aware,Strong trend | Warnings: Trade validation rejected | Validation status rejected | Entry timing rejected | Risk engine rejected | AI final decision restrictive | Institutional decision restrictive | Weak trade validation | Entry engine restrictive | Risk engine says no trade | Weak risk/reward | Weak market | Weak sector | High volatility
P01GIS200826,1 YEAR GIS,GOVT SECURITIES,1 YEAR GIS,13JUL2026,98.9,0.03034287448164371,625010000,61813489000.0,0.0,AVOID,9.93,90.07,20.84,72,77,STRONG INSTITUTIONAL BUYING,26,REJECTED,AVOID,0,NO ENTRY,0.0,0,NO TRADE,REJECTED,AVOID,1.16,97.42,99.89,93.95,106.81,112.75,False,0,0.0,0,,NO POSITION,,0.0,0,0,0,0.0,0.0,0.0,0.0,0.0,0.0,0.0,0,False,NO ACTION,No actual open position,NORMAL,NO ACTION,0.0,0.0,0.0,0.0,0.0,0.0,0.0,NOT APPLICABLE,0.0,exit_intelligence_engine_v1_1_position_state_aware,Strong trend | Warnings: Blocked security type | Trade validation rejected | Validation status rejected | Entry timing rejected | Risk engine rejected | AI final decision restrictive | Institutional decision restrictive | Weak trade validation | Entry engine restrictive | Risk engine says no trade | Weak risk/reward | Weak market
CHCC,CHERAT CEMENT,CEMENT,UNKNOWN,13JUL2026,325.03,-1.3206630639383152,321818,104600504.53999999,0.0,AVOID,26.03,73.97,20.8,51,50,NEUTRAL,13,REJECTED,AVOID,0,NO ENTRY,0.0,0,NO TRADE,REJECTED,AVOID,1.17,320.15,328.28,308.78,351.03,370.53,False,0,0.0,0,,NO POSITION,,0.0,0,0,0,0.0,0.0,0.0,0.0,0.0,0.0,0.0,0,False,NO ACTION,No actual open position,NORMAL,NO ACTION,0.0,0.0,0.0,0.0,0.0,0.0,0.0,NOT APPLICABLE,0.0,exit_intelligence_engine_v1_1_position_state_aware,Strong trend | Warnings: Trade validation rejected | Validation status rejected | Entry timing rejected | Risk engine rejected | AI final decision restrictive | Institutional decision restrictive | Weak trade validation | Entry engine restrictive | Risk engine says no trade | Weak risk/reward | Weak market | Weak sector
PICT,PAK.INT.CONTAINER,TRANSPORT,UNKNOWN,13JUL2026,55.73,-0.7126313914128019,1795904,100085729.92,0.0,AVOID,26.52,73.48,20.67,50,50,NEUTRAL,9,REJECTED,AVOID,0,NO ENTRY,0.0,0,NO TRADE,REJECTED,AVOID,1.16,54.89,56.29,52.94,60.19,63.53,False,0,0.0,0,,NO POSITION,,0.0,0,0,0,0.0,0.0,0.0,0.0,0.0,0.0,0.0,0,False,NO ACTION,No actual open position,NORMAL,NO ACTION,0.0,0.0,0.0,0.0,0.0,0.0,0.0,NOT APPLICABLE,0.0,exit_intelligence_engine_v1_1_position_state_aware,Strong trend | Warnings: Trade validation rejected | Validation status rejected | Entry timing rejected | Risk engine rejected | AI final decision restrictive | Institutional decision restrictive | Weak trade validation | Entry engine restrictive | Risk engine says no trade | Weak risk/reward | Weak market | Weak sector | RSI overheated
P10VRR160436,10 YR VARIABLE RATE,UNKNOWN,UNKNOWN,13JUL2026,100.8,0.29850746268656436,300000000,30240000000.0,0.0,AVOID,24.72,75.28,20.59,48,67,NEUTRAL,0,REJECTED,AVOID,0,NO ENTRY,0.0,0,NO TRADE,REJECTED,AVOID,1.17,99.29,101.81,95.76,108.86,114.91,False,0,0.0,0,,NO POSITION,,0.0,0,0,0,0.0,0.0,0.0,0.0,0.0,0.0,0.0,0,False,NO ACTION,No actual open position,NORMAL,NO ACTION,0.0,0.0,0.0,0.0,0.0,0.0,0.0,NOT APPLICABLE,0.0,exit_intelligence_engine_v1_1_position_state_aware,Sector supportive || Warnings: Trade validation rejected | Validation status rejected | Entry timing rejected | Risk engine rejected | AI final decision restrictive | Institutional decision restrictive | Weak trade validation | Entry engine restrictive | Risk engine says no trade | Weak risk/reward | Weak market | RSI overheated | Very high volatility
PTC,P.T.C.L.,TECHNOLOGY,UNKNOWN,13JUL2026,69.9,-1.5354275250035065,4218984,294906981.6,0.0,AVOID,25.49,74.51,20.31,51,50,NEUTRAL,3,REJECTED,AVOID,0,NO ENTRY,0.0,0,NO TRADE,REJECTED,AVOID,1.17,68.85,70.6,66.41,75.49,79.69,False,0,0.0,0,,NO POSITION,,0.0,0,0,0,0.0,0.0,0.0,0.0,0.0,0.0,0.0,0,False,NO ACTION,No actual open position,NORMAL,NO ACTION,0.0,0.0,0.0,0.0,0.0,0.0,0.0,NOT APPLICABLE,0.0,exit_intelligence_engine_v1_1_position_state_aware,Strong trend | Warnings: Trade validation rejected | Validation status rejected | Entry timing rejected | Risk engine rejected | AI final decision restrictive | Institutional decision restrictive | Weak trade validation | Entry engine restrictive | Risk engine says no trade | Weak risk/reward | Weak market | Weak sector
FABL,FAYSAL BANK,BANKS,UNKNOWN,13JUL2026,99.73,-1.8695267145527814,911435,90897412.55,0.0,AVOID,25.25,74.75,20.31,51,50,NEUTRAL,7,REJECTED,AVOID,0,NO ENTRY,0.0,0,NO TRADE,REJECTED,AVOID,1.17,98.23,100.73,94.74,107.71,113.69,False,0,0.0,0,,NO POSITION,,0.0,0,0,0,0.0,0.0,0.0,0.0,0.0,0.0,0.0,0,False,NO ACTION,No actual open position,NORMAL,NO ACTION,0.0,0.0,0.0,0.0,0.0,0.0,0.0,NOT APPLICABLE,0.0,exit_intelligence_engine_v1_1_position_state_aware,Strong trend | Warnings: Trade validation rejected | Validation status rejected | Entry timing rejected | Risk engine rejected | AI final decision restrictive | Institutional decision restrictive | Weak trade validation | Entry engine restrictive | Risk engine says no trade | Weak risk/reward | Weak market | Weak sector
THCCL,THATTA CEMENT,CEMENT,UNKNOWN,13JUL2026,71.14,-2.333882482152667,5823894,414311819.16,0.0,AVOID,24.82,75.18,20.24,43,50,NEUTRAL,3,REJECTED,AVOID,0,NO ENTRY,0.0,0,NO TRADE,REJECTED,AVOID,1.17,70.07,71.85,67.58,76.83,81.1,False,0,0.0,0,,NO POSITION,,0.0,0,0,0,0.0,0.0,0.0,0.0,0.0,0.0,0.0,0,False,NO ACTION,No actual open position,NORMAL,NO ACTION,0.0,0.0,0.0,0.0,0.0,0.0,0.0,NOT APPLICABLE,0.0,exit_intelligence_engine_v1_1_position_state_aware,Strong trend | Warnings: Trade validation rejected | Validation status rejected | Entry timing rejected | Risk engine rejected | AI final decision restrictive | Institutional decision restrictive | Weak trade validation | Entry engine restrictive | Risk engine says no trade | Weak risk/reward | Weak smart money | Weak market | Weak sector
SBL,SAMBA BANK,BANKS,COMMERCIAL BANK,13JUL2026,13.5,-8.66035182679296,9888767,133498354.5,0.0,AVOID,23.41,76.59,20.24,37,50,NEUTRAL,7,REJECTED,AVOID,0,NO ENTRY,0.0,0,NO TRADE,REJECTED,AVOID,1.17,13.3,13.63,12.82,14.58,15.39,False,0,0.0,0,,NO POSITION,,0.0,0,0,0,0.0,0.0,0.0,0.0,0.0,0.0,0.0,0,False,NO ACTION,No actual open position,NORMAL,NO ACTION,0.0,0.0,0.0,0.0,0.0,0.0,0.0,NOT APPLICABLE,0.0,exit_intelligence_engine_v1_1_position_state_aware,Strong trend | Warnings: Trade validation rejected | Validation status rejected | Entry timing rejected | Risk engine rejected | AI final decision restrictive | Institutional decision restrictive | Weak trade validation | Entry engine restrictive | Risk engine says no trade | Weak risk/reward | Weak smart money | Weak market | Weak sector
LSEVL,LSE VENTURES LTD,INVESTMENT,UNKNOWN,13JUL2026,13.64,-2.849002849002839,1618549,22077008.36,0.0,AVOID,26.85,73.15,20.12,56,50,NEUTRAL,4,REJECTED,AVOID,0,NO ENTRY,0.0,0,NO TRADE,REJECTED,AVOID,1.16,13.44,13.78,12.96,14.73,15.55,False,0,0.0,0,,NO POSITION,,0.0,0,0,0,0.0,0.0,0.0,0.0,0.0,0.0,0.0,0,False,NO ACTION,No actual open position,NORMAL,NO ACTION,0.0,0.0,0.0,0.0,0.0,0.0,0.0,NOT APPLICABLE,0.0,exit_intelligence_engine_v1_1_position_state_aware,Strong trend | Warnings: Trade validation rejected | Validation status rejected | Entry timing rejected | Risk engine rejected | AI final decision restrictive | Institutional decision restrictive | Weak trade validation | Entry engine restrictive | Risk engine says no trade | Weak risk/reward | Weak market | Weak sector
TPLP,TPL PROPERTIES,REAL_ESTATE,UNKNOWN,13JUL2026,11.75,-6.8938193343898515,12444100,146218175.0,0.0,AVOID,24.01,75.99,20.03,45,50,NEUTRAL,2,REJECTED,AVOID,0,NO ENTRY,0.0,0,NO TRADE,REJECTED,AVOID,1.15,11.57,11.87,11.16,12.69,13.39,False,0,0.0,0,,NO POSITION,,0.0,0,0,0,0.0,0.0,0.0,0.0,0.0,0.0,0.0,0,False,NO ACTION,No actual open position,NORMAL,NO ACTION,0.0,0.0,0.0,0.0,0.0,0.0,0.0,NOT APPLICABLE,0.0,exit_intelligence_engine_v1_1_position_state_aware,Strong trend | Warnings: Trade validation rejected | Validation status rejected | Entry timing rejected | Risk engine rejected | AI final decision restrictive | Institutional decision restrictive | Weak trade validation | Entry engine restrictive | Risk engine says no trade | Weak risk/reward | Weak market | Weak sector
OML,OLYMPIA MILLS,TEXTILE,TEXTILE MILLS,13JUL2026,77.31,9.971550497866295,77943,6025773.33,0.0,AVOID,28.16,71.84,19.99,72,77,STRONG INSTITUTIONAL BUYING,0,REJECTED,AVOID,0,NO ENTRY,0.0,0,NO TRADE,REJECTED,AVOID,1.17,76.15,78.08,73.44,83.49,88.13,False,0,0.0,0,,NO POSITION,,0.0,0,0,0,0.0,0.0,0.0,0.0,0.0,0.0,0.0,0,False,NO ACTION,No actual open position,NORMAL,NO ACTION,0.0,0.0,0.0,0.0,0.0,0.0,0.0,NOT APPLICABLE,0.0,exit_intelligence_engine_v1_1_position_state_aware,Strong trend | Warnings: Trade validation rejected | Validation status rejected | Entry timing rejected | Risk engine rejected | AI final decision restrictive | Institutional decision restrictive | Weak trade validation | Entry engine restrictive | Risk engine says no trade | Weak risk/reward | Weak market | Weak sector | RSI overheated | Near upper cap / extended
PINL,PREMIER INS.,INSURANCE,UNKNOWN,13JUL2026,11.42,-9.293089753772835,1877441,21440376.22,0.0,AVOID,22.14,77.86,19.98,36,50,NEUTRAL,10,REJECTED,AVOID,0,NO ENTRY,0.0,0,NO TRADE,REJECTED,AVOID,1.18,11.25,11.53,10.85,12.33,13.02,False,0,0.0,0,,NO POSITION,,0.0,0,0,0,0.0,0.0,0.0,0.0,0.0,0.0,0.0,0,False,NO ACTION,No actual open position,NORMAL,NO ACTION,0.0,0.0,0.0,0.0,0.0,0.0,0.0,NOT APPLICABLE,0.0,exit_intelligence_engine_v1_1_position_state_aware,Strong trend | Warnings: Trade validation rejected | Validation status rejected | Entry timing rejected | Risk engine rejected | AI final decision restrictive | Institutional decision restrictive | Weak trade validation | Entry engine restrictive | Risk engine says no trade | Weak risk/reward | Weak smart money | Weak market | Weak sector | High volatility
DCL,DEWAN CEMENT,CEMENT,CEMENT MANUFACTURING,13JUL2026,11.62,3.288888888888882,5446689,63290526.17999999,0.0,AVOID,25.97,74.03,19.96,50,50,NEUTRAL,0,REJECTED,AVOID,0,NO ENTRY,0.0,0,NO TRADE,REJECTED,AVOID,1.16,11.45,11.74,11.04,12.55,13.25,False,0,0.0,0,,NO POSITION,,0.0,0,0,0,0.0,0.0,0.0,0.0,0.0,0.0,0.0,0,False,NO ACTION,No actual open position,NORMAL,NO ACTION,0.0,0.0,0.0,0.0,0.0,0.0,0.0,NOT APPLICABLE,0.0,exit_intelligence_engine_v1_1_position_state_aware,Strong trend | Warnings: Trade validation rejected | Validation status rejected | Entry timing rejected | Risk engine rejected | AI final decision restrictive | Institutional decision restrictive | Weak trade validation | Entry engine restrictive | Risk engine says no trade | Weak risk/reward | Weak market | Weak sector
BAHL,BANK AL-HABIB,BANKS,UNKNOWN,13JUL2026,176.11,0.07955901574132794,752783,132572614.13000001,0.0,AVOID,24.58,75.42,19.96,48,55,NEUTRAL,0,REJECTED,AVOID,0,NO ENTRY,0.0,0,NO TRADE,REJECTED,AVOID,1.17,173.47,177.87,167.3,190.2,200.77,False,0,0.0,0,,NO POSITION,,0.0,0,0,0,0.0,0.0,0.0,0.0,0.0,0.0,0.0,0,False,NO ACTION,No actual open position,NORMAL,NO ACTION,0.0,0.0,0.0,0.0,0.0,0.0,0.0,NOT APPLICABLE,0.0,exit_intelligence_engine_v1_1_position_state_aware,Strong trend | Warnings: Trade validation rejected | Validation status rejected | Entry timing rejected | Risk engine rejected | AI final decision restrictive | Institutional decision restrictive | Weak trade validation | Entry engine restrictive | Risk engine says no trade | Weak risk/reward | Weak market | Weak sector
LSECL,LSE CAPITAL LTD.,INVESTMENT,UNKNOWN,13JUL2026,7.15,-3.5087719298245585,15260941,109115728.15,0.0,AVOID,24.4,75.6,19.96,45,50,NEUTRAL,0,REJECTED,AVOID,0,NO ENTRY,0.0,0,NO TRADE,REJECTED,AVOID,1.16,7.04,7.22,6.79,7.72,8.15,False,0,0.0,0,,NO POSITION,,0.0,0,0,0,0.0,0.0,0.0,0.0,0.0,0.0,0.0,0,False,NO ACTION,No actual open position,NORMAL,NO ACTION,0.0,0.0,0.0,0.0,0.0,0.0,0.0,NOT APPLICABLE,0.0,exit_intelligence_engine_v1_1_position_state_aware,Strong trend | Warnings: Trade validation rejected | Validation status rejected | Entry timing rejected | Risk engine rejected | AI final decision restrictive | Institutional decision restrictive | Weak trade validation | Entry engine restrictive | Risk engine says no trade | Weak risk/reward | Weak market | Weak sector
ITTEFAQ,ITTEFAQ IRON IND,STEEL,STEEL / IRON,13JUL2026,9.14,2.008928571428568,2953382,26993911.48,0.0,AVOID,26.88,73.12,19.94,55,55,NEUTRAL,0,REJECTED,AVOID,0,NO ENTRY,0.0,0,NO TRADE,REJECTED,AVOID,1.16,9.0,9.23,8.68,9.87,10.42,False,0,0.0,0,,NO POSITION,,0.0,0,0,0,0.0,0.0,0.0,0.0,0.0,0.0,0.0,0,False,NO ACTION,No actual open position,NORMAL,NO ACTION,0.0,0.0,0.0,0.0,0.0,0.0,0.0,NOT APPLICABLE,0.0,exit_intelligence_engine_v1_1_position_state_aware,Strong trend | Warnings: Trade validation rejected | Validation status rejected | Entry timing rejected | Risk engine rejected | AI final decision restrictive | Institutional decision restrictive | Weak trade validation | Entry engine restrictive | Risk engine says no trade | Weak risk/reward | Weak market | Weak sector
BIPL,BANKISLAMI PAK,BANKS,UNKNOWN,13JUL2026,27.65,-1.9503546099290805,621673,17189258.45,0.0,AVOID,24.51,75.49,19.94,50,50,NEUTRAL,9,REJECTED,AVOID,0,NO ENTRY,0.0,0,NO TRADE,REJECTED,AVOID,1.16,27.24,27.93,26.27,29.86,31.52,False,0,0.0,0,,NO POSITION,,0.0,0,0,0,0.0,0.0,0.0,0.0,0.0,0.0,0.0,0,False,NO ACTION,No actual open position,NORMAL,NO ACTION,0.0,0.0,0.0,0.0,0.0,0.0,0.0,NOT APPLICABLE,0.0,exit_intelligence_engine_v1_1_position_state_aware,Strong trend | Warnings: Trade validation rejected | Validation status rejected | Entry timing rejected | Risk engine rejected | AI final decision restrictive | Institutional decision restrictive | Weak trade validation | Entry engine restrictive | Risk engine says no trade | Weak risk/reward | Weak market | Weak sector
SSGC,SUI SOUTH GAS,OIL_GAS,UNKNOWN,13JUL2026,30.69,-0.45410314628607534,7034447,215887178.43,0.0,AVOID,22.9,77.1,19.93,45,50,NEUTRAL,4,REJECTED,AVOID,0,NO ENTRY,0.0,0,NO TRADE,REJECTED,AVOID,1.17,30.23,31.0,29.16,33.15,34.99,False,0,0.0,0,,NO POSITION,,0.0,0,0,0,0.0,0.0,0.0,0.0,0.0,0.0,0.0,0,False,NO ACTION,No actual open position,NORMAL,NO ACTION,0.0,0.0,0.0,0.0,0.0,0.0,0.0,NOT APPLICABLE,0.0,exit_intelligence_engine_v1_1_position_state_aware,Strong trend | Warnings: Trade validation rejected | Validation status rejected | Entry timing rejected | Risk engine rejected | AI final decision restrictive | Institutional decision restrictive | Weak trade validation | Entry engine restrictive | Risk engine says no trade | Weak risk/reward | Weak market | Weak sector
JVDC,JAVEDAN CORP.,PROPERTY,REAL ESTATE DEVELOPMENT,13JUL2026,151.04,-2.786895797129441,1085640,163975065.6,0.0,AVOID,23.26,76.74,19.87,44,50,NEUTRAL,0,REJECTED,AVOID,0,NO ENTRY,0.0,0,NO TRADE,REJECTED,AVOID,1.17,148.77,152.55,143.49,163.12,172.19,False,0,0.0,0,,NO POSITION,,0.0,0,0,0,0.0,0.0,0.0,0.0,0.0,0.0,0.0,0,False,NO ACTION,No actual open position,NORMAL,NO ACTION,0.0,0.0,0.0,0.0,0.0,0.0,0.0,NOT APPLICABLE,0.0,exit_intelligence_engine_v1_1_position_state_aware,Strong trend | Warnings: Trade validation rejected | Validation status rejected | Entry timing rejected | Risk engine rejected | AI final decision restrictive | Institutional decision restrictive | Weak trade validation | Entry engine restrictive | Risk engine says no trade | Weak risk/reward | Weak smart money | Weak market | Weak sector
ANTM,AN TEXTILE MILL,TEXTILE,TEXTILE MILLS,13JUL2026,53.6,-9.931104016131737,58813,3152376.8000000003,0.0,AVOID,25.9,74.1,19.86,51,50,NEUTRAL,6,REJECTED,AVOID,0,NO ENTRY,0.0,0,NO TRADE,REJECTED,AVOID,1.16,52.8,54.14,50.92,57.89,61.1,False,0,0.0,0,,NO POSITION,,0.0,0,0,0,0.0,0.0,0.0,0.0,0.0,0.0,0.0,0,False,NO ACTION,No actual open position,NORMAL,NO ACTION,0.0,0.0,0.0,0.0,0.0,0.0,0.0,NOT APPLICABLE,0.0,exit_intelligence_engine_v1_1_position_state_aware,Strong trend | Warnings: Trade validation rejected | Validation status rejected | Entry timing rejected | Risk engine rejected | AI final decision restrictive | Institutional decision restrictive | Weak trade validation | Entry engine restrictive | Risk engine says no trade | Weak risk/reward | Weak market | Weak sector | High volatility
FATIMA,FATIMA FERT,FERTILIZER,UNKNOWN,13JUL2026,158.01,-2.9899312377210245,1389608,219571960.07999998,0.0,AVOID,20.49,79.51,19.84,43,40,NEUTRAL,8,REJECTED,AVOID,0,NO ENTRY,0.0,0,NO TRADE,REJECTED,AVOID,1.17,155.64,159.59,150.11,170.65,180.13,False,0,0.0,0,,NO POSITION,,0.0,0,0,0,0.0,0.0,0.0,0.0,0.0,0.0,0.0,0,False,NO ACTION,No actual open position,NORMAL,NO ACTION,0.0,0.0,0.0,0.0,0.0,0.0,0.0,NOT APPLICABLE,0.0,exit_intelligence_engine_v1_1_position_state_aware,Strong trend | Warnings: Trade validation rejected | Validation status rejected | Entry timing rejected | Risk engine rejected | AI final decision restrictive | Institutional decision restrictive | Weak trade validation | Entry engine restrictive | Risk engine says no trade | Weak risk/reward | Weak smart money | Weak market | Weak sector
SERT,SERVICE IND TEX,TEXTILE,TEXTILE MILLS,13JUL2026,63.48,9.998267198059255,201520,12792489.6,0.0,AVOID,27.25,72.75,19.81,69,67,INSTITUTIONAL BUYING,0,REJECTED,AVOID,0,NO ENTRY,0.0,0,NO TRADE,REJECTED,AVOID,1.17,62.53,64.11,60.31,68.56,72.37,False,0,0.0,0,,NO POSITION,,0.0,0,0,0,0.0,0.0,0.0,0.0,0.0,0.0,0.0,0,False,NO ACTION,No actual open position,NORMAL,NO ACTION,0.0,0.0,0.0,0.0,0.0,0.0,0.0,NOT APPLICABLE,0.0,exit_intelligence_engine_v1_1_position_state_aware,Institutional accumulation | Strong trend | Warnings: Trade validation rejected | Validation status rejected | Entry timing rejected | Risk engine rejected | AI final decision restrictive | Institutional decision restrictive | Weak trade validation | Entry engine restrictive | Risk engine says no trade | Weak risk/reward | Weak market | Weak sector | RSI extremely overheated | Near upper cap / extended
TPLT,TPL TRAKKER LTD,TECHNOLOGY,TRACKING / IOT,13JUL2026,25.02,1.3776337115072927,1270392,31785207.84,0.0,AVOID,26.02,73.98,19.81,51,50,NEUTRAL,0,REJECTED,AVOID,0,NO ENTRY,0.0,0,NO TRADE,REJECTED,AVOID,1.17,24.64,25.27,23.77,27.02,28.52,False,0,0.0,0,,NO POSITION,,0.0,0,0,0,0.0,0.0,0.0,0.0,0.0,0.0,0.0,0,False,NO ACTION,No actual open position,NORMAL,NO ACTION,0.0,0.0,0.0,0.0,0.0,0.0,0.0,NOT APPLICABLE,0.0,exit_intelligence_engine_v1_1_position_state_aware,Strong trend | Warnings: Trade validation rejected | Validation status rejected | Entry timing rejected | Risk engine rejected | AI final decision restrictive | Institutional decision restrictive | Weak trade validation | Entry engine restrictive | Risk engine says no trade | Weak risk/reward | Weak market | Weak sector
